Nublado,Aspersor,Lluvia,Hierba_mojada
0,0,0,0
0,1,0,1
0,1,0,1
0,0,0,0
1,0,1,1
0,1,0,1
0,0,0,0
0,1,0,1
0,1,0,1
0,0,0,0
1,1,0,1
0,1,0,1
0,0,0,0
0,0,0,0
1,0,0,0
0,0,0,0
0,1,0,1
0,0,0,0
1,1,0,1
0,1,0,1
0,0,0,0
1,0,0,0
0,1,0,1
1,0,0,0
0,1,0,1
0,0,0,0
0,1,0,1
0,1,0,1
0,0,0,0
0,1,0,1
0,0,0,0
0,0,0,0
0,1,0,1
0,0,0,0
0,1,0,1
1,0,0,0
0,0,0,0
0,0,0,0
1,1,0,1
0,1,0,1
1,0,0,0
1,0,0,0
0,0,0,0
0,0,0,0
0,0,0,0
1,1,0,1
0,0,0,0
0,0,0,0
1,0,0,0
0,0,0,0
0,0,0,0
0,0,0,0
0,0,0,0
0,0,0,0
0,0,0,0
0,0,0,0
1,0,0,0
0,1,0,1
0,1,0,1
0,1,0,1
0,0,0,0
0,1,0,1
0,0,0,0
0,1,0,1
0,0,0,0
0,0,0,0
0,1,0,1
0,0,0,0
0,0,0,0
0,1,0,1
1,0,0,0
0,0,0,0
1,0,0,0
0,0,0,0
1,0,0,0
0,1,0,1
1,0,1,1
0,0,0,0
1,0,0,0
0,0,0,0
1,0,0,0
1,0,0,0
0,1,0,1
0,1,0,1
0,1,0,1
1,0,1,1
0,0,0,0
0,1,0,1
0,0,0,0
1,0,0,0
0,1,0,1
0,0,0,0
1,1,1,1
0,1,0,1
0,1,0,1
0,1,0,1
0,0,0,0
0,1,0,1
0,0,0,0
0,0,0,0
0,1,0,1
0,0,0,0
1,0,1,1
0,0,0,0
0,1,0,1
0,1,0,1
0,1,0,1
0,0,0,0
0,0,0,0
0,1,0,1
0,0,0,0
0,1,0,1
0,0,0,0
0,0,0,0
0,1,0,1
0,1,0,1
0,0,0,0
0,1,0,1
1,0,0,0
0,0,0,0
0,1,0,1
0,0,0,0
0,1,0,1
0,1,0,1
1,1,0,1
0,0,0,0
1,0,0,0
1,1,1,1
0,1,0,1
0,0,0,0
1,0,1,1
0,0,0,0
0,1,0,1
1,0,0,0
0,1,0,1
1,0,0,0
0,1,0,1
0,1,0,1
0,0,0,0
0,1,0,1
0,1,0,1
1,0,0,0
0,1,0,1
0,1,0,1
0,0,0,0
1,0,0,0
0,0,0,0
1,0,0,0
0,0,0,0
0,0,0,0
0,0,0,0
0,1,0,1
1,0,0,0
1,0,1,1
0,0,0,0
0,0,0,0
1,1,0,1
0,1,0,1
0,1,0,1
0,1,0,1
0,0,0,0
1,0,0,0
0,1,0,1
1,0,0,0
0,0,0,0
0,0,0,0
0,0,0,0
1,1,0,1
0,1,0,1
0,1,0,1
0,0,0,0
0,0,0,0
0,0,0,0
0,0,0,0
0,0,0,0
0,1,0,1
1,0,1,1
1,0,0,0
0,0,0,0
1,0,0,0
0,1,0,1
0,0,0,0
0,0,0,0
0,0,0,0
0,1,0,1
0,1,0,1
0,0,0,0
0,0,0,0
0,1,0,1
0,1,0,1
0,0,0,0
1,0,0,0
1,1,0,1
0,0,0,0
0,0,0,0
0,0,0,0
0,0,0,0
0,0,0,0
0,0,0,0
0,0,0,0
0,0,0,0
0,0,0,0
0,0,0,0
0,0,0,0
0,1,0,1
0,1,0,1
0,0,0,0
0,0,0,0
0,0,0,0
1,0,1,1
0,0,0,0
0,1,0,1
0,1,0,1
1,0,0,0
0,1,0,1
0,1,0,1
0,0,0,0
0,1,0,1
0,0,0,0
0,0,0,0
0,1,0,1
0,0,0,0
0,0,0,0
0,0,0,0
0,1,0,1
0,0,0,0
0,1,0,1
0,0,0,0
0,0,0,0
1,0,1,1
0,1,0,1
0,0,0,0
0,1,0,1
1,1,0,1
0,0,0,0
0,0,0,0
0,0,0,0
0,0,0,0
0,0,0,0
0,0,0,0
0,1,0,1
0,0,0,0
0,1,0,1
1,0,0,0
0,1,0,1
1,0,0,0
0,0,0,0
0,0,0,0
0,0,0,0
1,0,0,0
0,1,0,1
0,1,0,1
0,0,0,0
0,1,0,1
0,1,0,1
0,0,0,0
0,0,0,0
1,0,0,0
0,0,0,0
0,1,0,1
1,0,0,0
0,0,0,0
0,0,0,0
0,1,0,1
1,0,1,1
1,1,0,1
1,1,1,1
0,1,0,1
0,1,0,1
0,1,0,1
0,1,0,1
1,0,0,0
0,1,0,1
0,1,0,1
0,0,0,0
0,0,0,0
0,1,0,1
0,0,0,0
0,1,0,1
0,0,0,0
1,0,1,1
0,1,0,1
0,1,0,1
0,0,0,0
0,1,0,1
1,0,0,0
0,0,0,0
0,0,0,0
1,0,0,0
0,1,0,1
0,0,0,0
0,0,0,0
0,0,0,0
0,0,0,0
1,0,0,0
0,0,0,0
0,0,0,0
0,0,0,0
1,0,0,0
0,1,0,1
0,0,0,0
0,1,0,1
0,0,0,0
0,0,0,0
0,1,0,1
0,0,0,0
0,1,0,1
0,1,0,1
0,0,0,0
0,1,0,1
0,0,0,0
0,0,0,0
1,1,0,1
0,1,0,1
0,1,0,1
1,0,0,0
1,0,0,0
0,1,0,1
0,1,0,1
1,1,0,1
1,0,0,0
1,0,0,0
0,0,0,0
0,1,0,1
0,0,0,0
0,0,0,0
0,0,0,0
0,0,0,0
1,0,0,0
0,0,0,0
0,0,0,0
1,0,0,0
0,0,0,0
0,0,0,0
0,0,0,0
1,0,0,0
0,0,0,0
1,0,0,0
0,0,0,0
0,0,0,0
0,0,0,0
1,0,0,0
1,0,0,0
1,0,0,0
1,0,0,0
0,0,0,0
1,0,0,0
0,0,0,0
0,0,0,0
0,0,0,0
1,1,0,1
0,1,0,1
0,1,0,1
0,0,0,0
0,1,0,1
0,1,0,1
0,0,0,0
0,1,0,1
0,0,0,0
1,0,0,0
0,0,0,0
1,1,0,1
0,0,0,0
1,0,0,0
0,0,0,0
0,0,0,0
0,1,0,1
0,1,0,1
0,0,0,0
1,1,1,1
0,1,0,1
0,1,0,1
1,0,1,1
0,0,0,0
0,1,0,1
0,0,0,0
0,1,0,1
1,0,0,0
0,1,0,1
1,0,0,0
0,1,0,1
0,0,0,0
1,1,1,1
0,1,0,1
0,0,0,0
0,0,0,0
1,0,1,1
0,1,0,1
0,0,0,0
1,0,0,0
0,0,0,0
0,1,0,1
0,0,0,0
0,0,0,0
0,0,0,0
0,0,0,0
0,1,0,1
0,1,0,1
0,1,0,1
0,1,0,1
1,0,0,0
0,1,0,1
0,1,0,1
1,1,0,1
0,0,0,0
0,0,0,0
0,1,0,1
0,1,0,1
1,0,0,0
0,1,0,1
1,0,0,0
0,0,0,0
1,0,0,0
0,0,0,0
0,0,0,0
0,0,0,0
0,0,0,0
0,1,0,1
1,0,1,1
0,1,0,1
0,0,0,0
0,1,0,1
0,1,0,1
0,1,0,1
0,0,0,0
0,0,0,0
0,1,0,1
0,1,0,1
0,1,0,1
1,0,0,0
0,0,0,0
0,1,0,1
1,1,1,1
1,1,0,1
0,0,0,0
0,1,0,1
0,1,0,1
0,1,0,1
0,0,0,0
0,0,0,0
0,1,0,1
0,0,0,0
0,1,0,1
0,0,0,0
0,0,0,0
1,0,0,0
0,1,0,1
0,0,0,0
1,0,0,0
1,1,0,1
0,0,0,0
0,0,0,0
0,1,0,1
0,1,0,1
1,0,0,0
1,0,1,1
1,0,1,1
0,1,0,1
1,0,0,0
0,1,0,1
0,1,0,1
1,0,1,1
0,0,0,0
0,1,0,1
1,0,0,0
0,1,0,1
0,1,0,1
1,0,0,0
0,1,0,1
0,0,0,0
0,0,0,0
1,0,0,0
0,0,0,0
0,0,0,0
0,0,0,0
1,1,0,1
0,0,0,0
1,0,0,0
0,1,0,1
0,1,0,1
0,1,0,1
0,1,0,1
0,1,0,1
0,1,0,1
0,0,0,0
0,0,0,0
1,1,1,1
0,1,0,1
0,1,0,1
0,0,0,0
0,1,0,1
1,0,0,0
0,1,0,1
0,0,0,0
0,0,0,0
1,0,1,1
0,1,0,1
0,1,0,1
0,1,0,1
0,1,0,1
0,0,0,0
0,1,0,1
0,1,0,1
0,1,0,1
0,1,0,1
0,0,0,0
1,0,0,0
0,1,0,1
0,0,0,0
1,0,0,0
0,1,0,1
0,1,0,1
1,0,0,0
0,0,0,0
0,0,0,0
0,0,0,0
0,0,0,0
0,1,0,1
0,1,0,1
0,0,0,0
1,1,0,1
0,0,0,0
0,0,0,0
0,1,0,1
0,0,0,0
1,0,0,0
0,1,0,1
0,0,0,0
0,1,0,1
0,0,0,0
0,0,0,0
0,0,0,0
0,1,0,1
0,1,0,1
0,1,0,1
0,1,0,1
0,1,0,1
0,1,0,1
0,1,0,1
0,1,0,1
1,0,1,1
0,1,0,1
0,0,0,0
0,1,0,1
0,1,0,1
0,0,0,0
1,1,0,1
0,1,0,1
0,0,0,0
1,0,1,1
0,0,0,0
1,0,0,0
0,0,0,0
0,1,0,1
0,1,0,1
0,1,0,1
0,0,0,0
0,1,0,1
0,1,0,1
0,0,0,0
1,0,0,0
0,1,0,1
0,1,0,1
0,1,0,1
0,0,0,0
0,0,0,0
0,0,0,0
0,0,0,0
0,1,0,1
1,0,0,0
1,0,0,0
0,1,0,1
0,0,0,0
1,1,0,1
0,0,0,0
0,1,0,1
1,0,0,0
0,0,0,0
0,1,0,1
0,1,0,1
0,0,0,0
0,1,0,1
0,1,0,1
0,0,0,0
0,1,0,1
0,1,0,1
0,1,0,1
1,1,0,1
0,1,0,1
0,0,0,0
0,1,0,1
0,1,0,1
0,1,0,1
0,0,0,0
0,0,0,0
1,0,0,0
0,0,0,0
1,0,1,1
0,0,0,0
0,1,0,1
1,1,0,1
0,1,0,1
1,0,0,0
0,1,0,1
0,0,0,0
0,1,0,1
0,0,0,0
0,1,0,1
0,1,0,1
0,1,0,1
1,0,0,0
1,0,0,0
0,0,0,0
0,1,0,1
1,0,0,0
0,0,0,0
0,1,0,1
1,0,0,0
0,0,0,0
0,1,0,1
0,0,0,0
0,1,0,1
0,0,0,0
0,0,0,0
1,0,1,1
0,1,0,1
0,1,0,1
0,1,0,1
1,1,0,1
1,0,0,0
0,1,0,1
0,1,0,1
0,1,0,1
0,0,0,0
1,1,1,1
1,0,0,0
0,0,0,0
0,1,0,1
0,1,0,1
1,1,0,1
0,1,0,1
0,0,0,0
1,0,0,0
0,1,0,1
0,0,0,0
0,1,0,1
0,0,0,0
0,1,0,1
0,1,0,1
1,0,0,0
0,0,0,0
0,0,0,0
1,0,0,0
0,0,0,0
0,1,0,1
0,0,0,0
0,0,0,0
0,1,0,1
0,1,0,1
0,0,0,0
1,0,1,1
0,1,0,1
1,0,0,0
0,0,0,0
0,0,0,0
1,0,0,0
0,0,0,0
0,1,0,1
0,0,0,0
0,1,0,1
0,0,0,0
0,0,0,0
0,1,0,1
0,1,0,1
1,0,0,0
0,0,0,0
0,0,0,0
1,0,0,0
0,1,0,1
0,0,0,0
0,0,0,0
0,1,0,1
1,1,0,1
1,0,0,0
0,1,0,1
0,1,0,1
0,0,0,0
0,1,0,1
1,0,0,0
0,0,0,0
0,0,0,0
0,1,0,1
0,1,0,1
0,0,0,0
1,0,0,0
0,0,0,0
0,0,0,0
0,0,0,0
0,0,0,0
0,1,0,1
1,0,0,0
0,1,0,1
1,1,0,1
1,0,0,0
1,0,0,0
0,1,0,1
1,0,1,1
0,0,0,0
0,1,0,1
0,1,0,1
0,1,0,1
0,0,0,0
0,1,0,1
1,0,0,0
0,0,0,0
0,1,0,1
0,1,0,1
0,0,0,0
0,0,0,0
0,0,0,0
0,0,0,0
0,0,0,0
1,0,1,1
0,1,0,1
0,0,0,0
0,1,0,1
1,0,0,0
1,0,0,0
0,0,0,0
0,0,0,0
1,1,0,1
0,0,0,0
0,0,0,0
0,0,0,0
1,0,0,0
0,0,0,0
0,0,0,0
1,0,0,0
0,1,0,1
0,0,0,0
0,0,0,0
1,0,0,0
0,1,0,1
0,0,0,0
0,1,0,1
1,0,0,0
0,0,0,0
1,0,1,1
1,1,0,1
0,0,0,0
0,0,0,0
0,1,0,1
0,1,0,1
1,0,0,0
0,1,0,1
1,1,0,1
0,0,0,0
0,1,0,1
0,1,0,1
1,1,1,1
0,0,0,0
0,0,0,0
1,0,0,0
0,0,0,0
0,1,0,1
1,1,0,1
0,1,0,1
0,0,0,0
0,1,0,1
0,0,0,0
0,1,0,1
0,0,0,0
0,0,0,0
1,1,0,1
0,1,0,1
0,0,0,0
1,0,0,0
0,0,0,0
0,1,0,1
1,1,0,1
0,1,0,1
0,0,0,0
1,0,0,0
0,0,0,0
0,1,0,1
0,0,0,0
0,1,0,1
0,1,0,1
1,0,0,0
0,0,0,0
0,1,0,1
0,1,0,1
1,0,0,0
1,0,0,0
0,0,0,0
0,1,0,1
0,1,0,1
0,0,0,0
1,1,0,1
0,1,0,1
0,0,0,0
0,1,0,1
0,1,0,1
0,0,0,0
1,0,0,0
0,0,0,0
0,0,0,0
0,0,0,0
1,0,0,0
0,0,0,0
1,0,0,0
0,0,0,0
0,0,0,0
1,0,1,1
1,1,0,1
0,1,0,1
0,0,0,0
1,1,1,1
0,1,0,1
0,1,0,1
0,0,0,0
0,1,0,1
1,1,0,1
0,1,0,1
0,1,0,1
0,1,0,1
0,1,0,1
0,0,0,0
0,0,0,0
0,1,0,1
1,1,0,1
0,0,0,0
0,0,0,0
1,1,0,1
1,0,0,0
0,1,0,1
0,1,0,1
0,0,0,0
0,1,0,1
1,0,0,0
1,1,1,1
0,0,0,0
0,0,0,0
0,0,0,0
0,1,0,1
1,0,0,0
1,0,0,0
0,0,0,0
0,1,0,1
0,1,0,1
1,1,1,1
1,0,0,0
0,1,0,1
0,1,0,1
0,1,0,1
1,0,0,0
0,0,0,0
0,1,0,1
0,1,0,1
0,0,0,0
0,0,0,0
0,0,0,0
1,0,1,1
0,0,0,0
1,1,0,1
0,0,0,0
1,1,0,1
0,1,0,1
0,0,0,0
0,0,0,0
0,1,0,1
1,0,0,0
0,1,0,1
0,1,0,1
1,1,1,1
0,0,0,0
0,1,0,1
1,0,0,0
0,0,0,0
1,0,0,0
0,0,0,0
0,0,0,0
1,0,0,0
0,1,0,1
1,0,0,0
0,1,0,1
0,0,0,0
0,1,0,1
0,0,0,0
0,0,0,0
0,1,0,1
1,0,0,0
0,1,0,1
1,0,1,1
0,1,0,1
0,0,0,0
0,1,0,1
0,1,0,1
1,0,1,1
0,1,0,1
1,0,0,0
0,1,0,1
0,1,0,1
0,1,0,1
0,1,0,1
1,1,1,1
0,0,0,0
0,0,0,0
1,0,0,0
0,1,0,1
0,1,0,1
0,0,0,0
0,0,0,0
0,1,0,1
0,0,0,0
0,0,0,0
1,0,0,0
0,0,0,0
0,0,0,0
1,1,1,1
0,0,0,0
0,0,0,0
1,0,0,0
1,0,0,0
0,1,0,1
0,1,0,1
0,0,0,0
1,1,0,1
0,1,0,1
1,0,0,0
0,1,0,1
0,1,0,1
0,0,0,0
0,0,0,0
0,1,0,1
1,1,0,1
1,0,1,1
1,0,0,0
0,1,0,1
0,0,0,0
0,0,0,0
1,1,0,1
0,1,0,1
1,1,0,1
0,0,0,0
0,0,0,0
0,0,0,0
0,0,0,0
0,0,0,0
0,1,0,1
1,0,0,0
1,1,0,1
0,0,0,0
0,1,0,1
0,1,0,1
0,0,0,0
0,0,0,0
0,0,0,0
0,1,0,1
0,0,0,0
0,0,0,0
1,1,0,1
0,1,0,1
1,0,0,0
0,1,0,1
0,1,0,1
0,0,0,0
0,0,0,0
0,1,0,1
0,0,0,0
1,0,0,0
1,0,0,0
1,0,0,0
0,1,0,1
0,0,0,0
1,1,0,1
0,1,0,1
1,1,1,1
0,0,0,0
0,0,0,0
0,0,0,0
1,0,0,0
0,0,0,0
0,1,0,1
0,0,0,0
0,0,0,0
1,0,1,1
0,0,0,0
1,0,0,0
0,0,0,0
1,1,0,1
0,1,0,1
1,0,1,1
0,0,0,0
0,0,0,0
0,0,0,0
0,1,0,1
0,0,0,0
0,0,0,0
0,1,0,1
1,0,0,0
1,0,0,0
0,0,0,0
0,1,0,1
0,1,0,1
0,1,0,1
0,0,0,0
0,0,0,0
1,0,1,1
0,0,0,0
0,0,0,0
1,1,0,1
0,0,0,0
0,1,0,1
0,0,0,0
0,0,0,0
0,1,0,1
1,0,1,1
1,0,0,0
0,0,0,0
0,0,0,0
0,0,0,0
0,0,0,0
0,1,0,1
0,0,0,0
0,1,0,1
0,0,0,0
0,0,0,0
0,1,0,1
0,1,0,1
0,1,0,1
0,1,0,1
0,0,0,0
0,0,0,0
0,0,0,0
0,1,0,1
0,0,0,0
0,1,0,1
0,0,0,0
0,1,0,1
0,0,0,0
1,0,0,0
0,0,0,0
0,1,0,1
0,0,0,0
1,0,0,0
1,0,0,0
0,1,0,1
0,1,0,1
0,1,0,1
0,0,0,0
0,0,0,0
0,1,0,1
0,0,0,0
0,1,0,1
0,1,0,1
1,0,0,0
0,1,0,1
0,1,0,1
0,1,0,1
1,0,1,1
0,1,0,1
1,0,1,1
1,0,0,0
0,1,0,1
0,1,0,1
0,1,0,1
0,1,0,1
0,0,0,0
1,0,0,0
0,0,0,0
0,1,0,1
0,1,0,1
0,0,0,0
1,0,0,0
0,1,0,1
0,1,0,1
0,0,0,0
0,1,0,1
1,0,0,0
0,0,0,0
0,1,0,1
0,1,0,1
0,1,0,1
0,0,0,0
1,0,0,0
0,1,0,1
0,1,0,1
0,1,0,1
0,1,0,1
1,1,0,1
0,0,0,0
1,0,1,1
1,1,1,1
0,1,0,1
0,0,0,0
0,0,0,0
0,0,0,0
1,0,0,0
0,1,0,1
0,0,0,0
0,1,0,1
0,1,0,1
0,0,0,0
0,0,0,0
0,0,0,0
0,0,0,0
0,1,0,1
0,1,0,1
1,1,0,1
0,0,0,0
0,0,0,0
0,1,0,1
1,0,0,0
1,0,0,0
1,1,0,1
0,1,0,1
0,0,0,0
1,0,0,0
0,1,0,1
0,1,0,1
0,0,0,0
0,0,0,0
0,1,0,1
0,1,0,1
0,1,0,1
0,0,0,0
0,1,0,1
1,0,0,0
0,1,0,1
1,0,1,1
0,0,0,0
0,1,0,1
0,1,0,1
0,1,0,1
1,0,0,0
0,1,0,1
0,1,0,1
0,1,0,1
1,0,1,1
0,1,0,1
0,0,0,0
0,1,0,1
0,0,0,0
1,0,0,0
1,0,0,0
0,0,0,0
0,0,0,0
0,0,0,0
0,0,0,0
1,0,1,1
0,0,0,0
1,1,1,1
1,0,0,0
0,0,0,0
0,0,0,0
0,0,0,0
0,1,0,1
0,1,0,1
1,1,0,1
0,1,0,1
0,0,0,0
0,1,0,1
0,1,0,1
1,1,1,1
0,1,0,1
0,1,0,1
1,0,0,0
0,1,0,1
0,1,0,1
1,0,1,1
0,0,0,0
1,0,0,0
0,1,0,1
0,0,0,0
0,1,0,1
0,1,0,1
0,1,0,1
0,0,0,0
0,1,0,1
1,0,0,0
0,1,0,1
0,1,0,1
0,0,0,0
1,0,1,1
0,1,0,1
0,1,0,1
0,0,0,0
0,1,0,1
0,1,0,1
0,0,0,0
0,0,0,0
1,0,0,0
0,1,0,1
0,1,0,1
0,1,0,1
0,0,0,0
0,0,0,0
0,1,0,1
0,1,0,1
0,1,0,1
0,1,0,1
0,0,0,0
1,0,0,0
0,1,0,1
0,0,0,0
0,0,0,0
0,0,0,0
0,1,0,1
0,0,0,0
0,1,0,1
0,0,0,0
1,1,0,1
0,1,0,1
1,1,0,1
1,0,1,1
0,0,0,0
0,1,0,1
1,1,0,1
0,0,0,0
0,0,0,0
1,0,1,1
0,1,0,1
0,1,0,1
0,0,0,0
0,1,0,1
0,0,0,0
0,1,0,1
1,0,0,0
0,1,0,1
0,1,0,1
0,0,0,0
0,0,0,0
0,0,0,0
1,0,1,1
0,0,0,0
0,1,0,1
0,1,0,1
0,1,0,1
1,0,0,0
1,0,0,0
0,0,0,0
0,1,0,1
0,0,0,0
0,1,0,1
0,0,0,0
0,1,0,1
1,0,1,1
0,0,0,0
0,1,0,1
1,0,0,0
0,1,0,1
0,1,0,1
1,0,0,0
0,0,0,0
0,1,0,1
0,0,0,0
0,1,0,1
1,0,0,0
0,1,0,1
1,0,0,0
0,0,0,0
1,1,0,1
0,0,0,0
0,1,0,1
0,0,0,0
0,1,0,1
0,0,0,0
0,1,0,1
0,0,0,0
0,0,0,0
1,0,0,0
0,1,0,1
1,1,0,1
1,1,0,1
1,0,1,1
0,1,0,1
0,0,0,0
0,0,0,0
0,0,0,0
1,1,1,1
0,0,0,0
0,0,0,0
0,0,0,0
0,0,0,0
0,0,0,0
0,1,0,1
0,1,0,1
1,1,1,1
0,0,0,0
0,1,0,1
0,0,0,0
0,0,0,0
1,0,0,0
1,0,1,1
1,0,0,0
0,0,0,0
0,0,0,0
0,1,0,1
0,0,0,0
0,1,0,1
0,1,0,1
0,1,0,1
1,0,0,0
1,0,0,0
0,0,0,0
1,1,1,1
0,1,0,1
0,1,0,1
1,0,0,0
0,0,0,0
0,1,0,1
0,0,0,0
0,0,0,0
1,0,0,0
0,1,0,1
0,1,0,1
0,0,0,0
1,1,0,1
1,0,0,0
0,0,0,0
1,1,0,1
0,1,0,1
0,0,0,0
0,0,0,0
1,0,0,0
0,0,0,0
1,1,0,1
0,0,0,0
1,1,0,1
0,1,0,1
0,1,0,1
0,1,0,1
0,0,0,0
0,1,0,1
0,1,0,1
0,1,0,1
0,0,0,0
0,0,0,0
1,0,0,0
1,0,0,0
0,0,0,0
0,0,0,0
0,1,0,1
0,1,0,1
1,0,0,0
0,0,0,0
1,0,0,0
0,0,0,0
0,1,0,1
0,1,0,1
0,1,0,1
0,0,0,0
0,0,0,0
0,0,0,0
0,1,0,1
0,0,0,0
0,1,0,1
1,0,0,0
0,1,0,1
1,0,1,1
0,1,0,1
0,1,0,1
0,0,0,0
1,0,0,0
0,0,0,0
0,1,0,1
0,0,0,0
0,1,0,1
1,0,0,0
1,0,0,0
1,1,0,1
0,1,0,1
1,0,0,0
0,0,0,0
1,1,0,1
0,0,0,0
0,1,0,1
1,1,0,1
0,0,0,0
0,0,0,0
0,1,0,1
0,1,0,1
0,0,0,0
0,0,0,0
1,0,1,1
0,0,0,0
0,1,0,1
0,0,0,0
0,0,0,0
0,0,0,0
0,0,0,0
0,1,0,1
0,1,0,1
0,1,0,1
0,1,0,1
0,0,0,0
0,1,0,1
1,1,0,1
1,0,0,0
1,0,0,0
0,1,0,1
1,0,1,1
1,1,1,1
1,0,0,0
0,0,0,0
0,0,0,0
0,1,0,1
0,1,0,1
0,1,0,1
0,1,0,1
0,1,0,1
0,1,0,1
0,0,0,0
1,0,1,1
0,0,0,0
0,1,0,1
1,0,1,1
0,0,0,0
0,1,0,1
0,0,0,0
0,0,0,0
0,0,0,0
1,0,0,0
0,1,0,1
0,1,0,1
0,1,0,1
0,0,0,0
0,1,0,1
0,0,0,0
1,1,1,1
0,1,0,1
0,0,0,0
0,0,0,0
0,1,0,1
0,0,0,0
0,0,0,0
0,1,0,1
1,0,0,0
0,0,0,0
0,0,0,0
1,1,0,1
0,0,0,0
1,0,1,1
0,1,0,1
0,0,0,0
0,0,0,0
0,0,0,0
0,0,0,0
0,0,0,0
0,1,0,1
0,1,0,1
0,0,0,0
0,0,0,0
1,0,1,1
0,1,0,1
0,1,0,1
0,0,0,0
0,0,0,0
0,0,0,0
0,1,0,1
0,0,0,0
0,0,0,0
0,1,0,1
0,0,0,0
0,1,0,1
0,1,0,1
0,1,0,1
1,1,0,1
0,0,0,0
0,0,0,0
0,1,0,1
1,0,0,0
1,0,0,0
0,1,0,1
0,1,0,1
0,1,0,1
0,0,0,0
0,1,0,1
0,0,0,0
0,0,0,0
0,0,0,0
0,0,0,0
0,0,0,0
0,1,0,1
0,1,0,1
1,0,0,0
0,1,0,1
0,0,0,0
0,0,0,0
1,1,0,1
0,0,0,0
0,1,0,1
0,1,0,1
0,1,0,1
0,0,0,0
1,0,0,0
1,1,0,1
0,0,0,0
0,0,0,0
0,0,0,0
0,1,0,1
0,0,0,0
0,0,0,0
0,0,0,0
0,0,0,0
0,1,0,1
0,1,0,1
0,1,0,1
0,0,0,0
0,0,0,0
0,1,0,1
0,0,0,0
0,0,0,0
0,1,0,1
1,0,0,0
0,0,0,0
0,0,0,0
1,1,1,1
1,0,0,0
0,0,0,0
0,1,0,1
0,0,0,0
0,1,0,1
1,0,0,0
0,1,0,1
0,1,0,1
1,0,0,0
1,0,0,0
1,0,0,0
0,0,0,0
0,1,0,1
0,1,0,1
1,0,0,0
0,1,0,1
0,1,0,1
0,1,0,1
0,1,0,1
1,1,0,1
0,1,0,1
0,0,0,0
0,0,0,0
0,1,0,1
1,0,0,0
0,0,0,0
1,0,0,0
0,0,0,0
1,0,0,0
0,0,0,0
0,1,0,1
0,0,0,0
1,0,0,0
0,1,0,1
0,0,0,0
1,0,1,1
0,1,0,1
0,0,0,0
0,0,0,0
1,0,0,0
0,1,0,1
1,0,1,1
0,1,0,1
0,1,0,1
1,0,0,0
1,0,0,0
1,0,0,0
0,0,0,0
1,0,0,0
0,0,0,0
1,1,0,1
0,1,0,1
0,0,0,0
0,1,0,1
1,0,0,0
0,1,0,1
0,0,0,0
0,0,0,0
0,0,0,0
0,1,0,1
1,0,1,1
1,0,0,0
0,0,0,0
0,1,0,1
0,0,0,0
0,1,0,1
0,0,0,0
0,0,0,0
0,0,0,0
0,1,0,1
0,1,0,1
0,0,0,0
0,0,0,0
0,0,0,0
0,0,0,0
0,1,0,1
1,0,0,0
1,0,0,0
1,0,1,1
0,1,0,1
0,1,0,1
1,0,0,0
1,0,0,0
1,0,0,0
0,0,0,0
0,0,0,0
1,0,0,0
0,0,0,0
0,0,0,0
0,1,0,1
1,0,1,1
0,0,0,0
0,1,0,1
0,0,0,0
0,0,0,0
0,1,0,1
0,0,0,0
0,1,0,1
1,0,0,0
0,1,0,1
1,0,0,0
0,1,0,1
0,0,0,0
1,0,1,1
0,1,0,1
0,0,0,0
0,0,0,0
0,1,0,1
0,0,0,0
1,0,0,0
0,0,0,0
1,0,0,0
0,1,0,1
1,0,0,0
0,0,0,0
0,0,0,0
0,1,0,1
0,1,0,1
0,1,0,1
0,0,0,0
0,0,0,0
1,1,0,1
0,1,0,1
0,1,0,1
0,1,0,1
0,0,0,0
0,1,0,1
0,0,0,0
0,0,0,0
0,0,0,0
0,0,0,0
0,0,0,0
1,0,0,0
0,0,0,0
0,1,0,1
0,1,0,1
0,1,0,1
0,0,0,0
1,0,0,0
1,1,1,1
0,0,0,0
0,0,0,0
1,1,1,1
1,0,0,0
0,1,0,1
0,1,0,1
0,0,0,0
1,0,0,0
0,1,0,1
0,1,0,1
0,0,0,0
0,1,0,1
0,1,0,1
0,1,0,1
0,0,0,0
0,0,0,0
0,0,0,0
0,1,0,1
0,1,0,1
0,1,0,1
0,0,0,0
0,1,0,1
0,1,0,1
0,1,0,1
0,1,0,1
0,0,0,0
1,0,1,1
0,1,0,1
1,0,1,1
1,1,0,1
0,0,0,0
0,0,0,0
0,0,0,0
1,0,0,0
1,0,0,0
0,1,0,1
0,1,0,1
0,1,0,1
0,1,0,1
1,0,1,1
0,0,0,0
0,1,0,1
0,1,0,1
1,0,0,0
0,0,0,0
0,0,0,0
0,0,0,0
0,0,0,0
1,0,0,0
0,0,0,0
0,1,0,1
0,1,0,1
1,0,1,1
0,0,0,0
0,1,0,1
0,1,0,1
0,0,0,0
1,0,0,0
0,0,0,0
0,1,0,1
0,0,0,0
0,1,0,1
0,1,0,1
0,0,0,0
0,0,0,0
1,0,0,0
1,0,0,0
0,0,0,0
0,0,0,0
1,0,0,0
0,0,0,0
0,1,0,1
0,0,0,0
1,0,0,0
0,1,0,1
0,1,0,1
1,0,0,0
0,0,0,0
0,0,0,0
0,0,0,0
1,0,0,0
1,0,1,1
0,1,0,1
0,1,0,1
1,1,1,1
0,0,0,0
1,0,0,0
0,1,0,1
1,0,0,0
0,0,0,0
0,0,0,0
1,0,1,1
1,0,0,0
0,1,0,1
1,0,0,0
0,0,0,0
0,1,0,1
0,0,0,0
0,0,0,0
0,0,0,0
0,0,0,0
1,0,0,0
1,0,0,0
0,1,0,1
0,0,0,0
0,1,0,1
0,0,0,0
0,1,0,1
0,1,0,1
0,0,0,0
0,0,0,0
0,0,0,0
0,1,0,1
0,0,0,0
1,0,0,0
1,1,0,1
0,0,0,0
0,1,0,1
0,0,0,0
0,1,0,1
0,0,0,0
0,0,0,0
0,0,0,0
0,1,0,1
1,0,0,0
0,1,0,1
0,0,0,0
0,0,0,0
0,1,0,1
0,0,0,0
0,0,0,0
1,0,0,0
0,0,0,0
1,0,0,0
0,1,0,1
0,1,0,1
1,0,0,0
0,1,0,1
0,1,0,1
0,0,0,0
0,0,0,0
0,0,0,0
0,0,0,0
1,1,1,1
1,1,0,1
1,0,0,0
0,1,0,1
1,0,1,1
0,0,0,0
1,0,0,0
0,0,0,0
0,0,0,0
0,0,0,0
0,0,0,0
1,0,1,1
1,0,0,0
0,0,0,0
0,1,0,1
1,1,0,1
0,1,0,1
0,1,0,1
0,0,0,0
1,0,0,0
0,1,0,1
1,0,1,1
0,0,0,0
0,1,0,1
1,0,1,1
0,0,0,0
1,1,1,1
0,1,0,1
0,1,0,1
0,0,0,0
0,1,0,1
0,1,0,1
0,1,0,1
0,1,0,1
1,1,0,1
1,0,1,1
0,1,0,1
0,0,0,0
1,1,1,1
0,0,0,0
0,1,0,1
0,0,0,0
0,1,0,1
0,0,0,0
0,0,0,0
0,1,0,1
0,0,0,0
0,0,0,0
0,0,0,0
0,1,0,1
0,1,0,1
0,0,0,0
0,0,0,0
0,1,0,1
1,0,0,0
1,1,0,1
0,0,0,0
0,0,0,0
0,1,0,1
0,0,0,0
0,1,0,1
1,0,0,0
0,1,0,1
0,1,0,1
0,0,0,0
1,0,1,1
0,0,0,0
0,1,0,1
0,1,0,1
1,1,1,1
0,0,0,0
1,0,0,0
0,0,0,0
1,0,0,0
0,1,0,1
1,0,0,0
1,0,0,0
1,0,1,1
1,0,1,1
0,0,0,0
1,0,0,0
1,1,0,1
0,0,0,0
0,1,0,1
0,0,0,0
1,0,1,1
0,0,0,0
0,0,0,0
0,1,0,1
0,1,0,1
0,0,0,0
0,0,0,0
0,1,0,1
0,0,0,0
0,1,0,1
0,1,0,1
0,1,0,1
0,0,0,0
0,0,0,0
0,0,0,0
0,1,0,1
0,0,0,0
0,0,0,0
1,0,1,1
0,0,0,0
0,1,0,1
0,1,0,1
0,1,0,1
1,0,0,0
0,1,0,1
0,1,0,1
0,1,0,1
1,0,1,1
0,1,0,1
0,0,0,0
0,0,0,0
0,0,0,0
0,1,0,1
0,1,0,1
0,1,0,1
1,0,0,0
0,0,0,0
0,0,0,0
1,0,0,0
0,1,0,1
0,0,0,0
1,0,0,0
0,0,0,0
0,1,0,1
0,0,0,0
1,0,0,0
0,0,0,0
0,1,0,1
0,0,0,0
0,1,0,1
0,0,0,0
0,1,0,1
0,0,0,0
1,1,0,1
0,0,0,0
0,0,0,0
0,0,0,0
0,1,0,1
0,0,0,0
1,0,0,0
1,0,0,0
0,1,0,1
0,0,0,0
0,0,0,0
0,1,0,1
0,0,0,0
0,1,0,1
0,1,0,1
0,0,0,0
0,0,0,0
0,0,0,0
0,1,0,1
0,1,0,1
0,1,0,1
1,0,0,0
0,1,0,1
0,0,0,0
0,1,0,1
1,0,0,0
0,0,0,0
0,1,0,1
1,1,0,1
0,1,0,1
1,0,0,0
0,0,0,0
0,0,0,0
1,1,0,1
1,0,0,0
0,0,0,0
1,0,0,0
0,0,0,0
0,0,0,0
0,0,0,0
0,1,0,1
0,1,0,1
0,0,0,0
0,0,0,0
0,1,0,1
0,0,0,0
1,1,0,1
0,0,0,0
0,1,0,1
0,1,0,1
1,0,0,0
0,1,0,1
0,0,0,0
0,1,0,1
1,0,1,1
0,1,0,1
0,0,0,0
0,0,0,0
0,1,0,1
1,0,0,0
0,0,0,0
1,0,0,0
1,0,0,0
1,0,1,1
1,0,1,1
0,1,0,1
0,0,0,0
0,1,0,1
0,1,0,1
0,1,0,1
0,0,0,0
0,1,0,1
0,0,0,0
0,0,0,0
0,0,0,0
0,1,0,1
0,0,0,0
1,0,0,0
0,1,0,1
0,0,0,0
0,1,0,1
0,1,0,1
0,0,0,0
0,1,0,1
0,1,0,1
0,0,0,0
1,0,1,1
0,0,0,0
0,1,0,1
0,0,0,0
0,1,0,1
0,1,0,1
1,0,0,0
1,1,0,1
1,1,0,1
1,0,0,0
0,0,0,0
0,1,0,1
0,1,0,1
0,1,0,1
1,1,0,1
0,1,0,1
0,0,0,0
1,0,0,0
1,0,1,1
0,0,0,0
1,0,0,0
0,0,0,0
0,0,0,0
0,0,0,0
1,0,0,0
1,0,0,0
1,0,0,0
0,1,0,1
0,1,0,1
1,0,0,0
0,0,0,0
0,1,0,1
0,0,0,0
0,0,0,0
0,0,0,0
0,0,0,0
0,0,0,0
1,0,0,0
0,1,0,1
1,0,0,0
0,1,0,1
1,0,0,0
1,1,0,1
1,0,0,0
0,1,0,1
0,0,0,0
0,0,0,0
1,0,0,0
1,0,0,0
0,0,0,0
0,0,0,0
0,1,0,1
1,0,0,0
1,0,1,1
0,1,0,1
0,0,0,0
0,1,0,1
0,0,0,0
0,0,0,0
0,1,0,1
0,1,0,1
0,1,0,1
0,1,0,1
1,0,0,0
0,0,0,0
1,0,0,0
0,0,0,0
0,1,0,1
1,0,0,0
1,0,0,0
0,1,0,1
0,0,0,0
0,1,0,1
0,1,0,1
0,1,0,1
1,0,1,1
0,0,0,0
0,0,0,0
0,0,0,0
0,0,0,0
1,0,1,1
0,1,0,1
0,1,0,1
0,0,0,0
0,0,0,0
0,0,0,0
0,0,0,0
1,1,1,1
1,1,0,1
0,1,0,1
0,0,0,0
0,1,0,1
0,1,0,1
0,1,0,1
1,0,0,0
1,0,0,0
0,1,0,1
0,1,0,1
0,1,0,1
0,1,0,1
0,0,0,0
0,1,0,1
0,0,0,0
0,1,0,1
0,1,0,1
0,0,0,0
1,0,0,0
1,0,0,0
0,1,0,1
1,0,0,0
0,1,0,1
0,0,0,0
0,0,0,0
0,1,0,1
0,1,0,1
1,1,1,1
0,0,0,0
1,1,1,1
0,0,0,0
0,1,0,1
0,1,0,1
1,0,0,0
0,0,0,0
0,0,0,0
0,0,0,0
0,1,0,1
0,0,0,0
0,1,0,1
1,0,0,0
0,0,0,0
0,1,0,1
0,0,0,0
1,0,0,0
1,0,0,0
0,1,0,1
0,1,0,1
0,1,0,1
0,0,0,0
0,1,0,1
0,1,0,1
0,1,0,1
0,0,0,0
0,0,0,0
1,0,1,1
0,0,0,0
0,1,0,1
0,1,0,1
0,1,0,1
0,0,0,0
0,0,0,0
1,0,0,0
1,0,1,1
0,0,0,0
1,0,0,0
0,1,0,1
0,1,0,1
0,1,0,1
0,0,0,0
1,0,1,1
0,0,0,0
1,0,0,0
0,1,0,1
0,0,0,0
0,0,0,0
0,0,0,0
0,1,0,1
0,0,0,0
1,1,0,1
0,1,0,1
0,1,0,1
0,0,0,0
1,0,0,0
0,1,0,1
1,1,0,1
0,1,0,1
0,0,0,0
0,1,0,1
0,0,0,0
0,1,0,1
0,0,0,0
0,0,0,0
0,1,0,1
0,1,0,1
0,1,0,1
0,1,0,1
0,1,0,1
1,0,0,0
1,1,1,1
1,1,0,1
0,0,0,0
1,0,0,0
0,0,0,0
0,0,0,0
0,1,0,1
0,1,0,1
0,0,0,0
0,0,0,0
0,0,0,0
0,0,0,0
0,1,0,1
0,1,0,1
0,0,0,0
0,0,0,0
0,1,0,1
0,1,0,1
0,0,0,0
0,1,0,1
0,1,0,1
0,0,0,0
0,1,0,1
0,0,0,0
1,0,0,0
0,1,0,1
1,1,0,1
0,1,0,1
0,1,0,1
0,1,0,1
0,0,0,0
1,0,0,0
0,0,0,0
1,0,0,0
0,1,0,1
0,0,0,0
0,0,0,0
0,0,0,0
0,0,0,0
0,1,0,1
0,1,0,1
0,0,0,0
1,0,0,0
0,0,0,0
0,0,0,0
0,0,0,0
0,0,0,0
0,0,0,0
0,0,0,0
0,1,0,1
0,0,0,0
0,1,0,1
1,0,0,0
0,1,0,1
0,0,0,0
1,0,0,0
0,1,0,1
0,0,0,0
0,1,0,1
0,0,0,0
0,0,0,0
0,0,0,0
1,0,0,0
1,0,0,0
0,1,0,1
0,1,0,1
0,1,0,1
0,1,0,1
0,0,0,0
0,0,0,0
0,0,0,0
0,0,0,0
0,1,0,1
1,0,0,0
0,0,0,0
0,1,0,1
0,0,0,0
1,0,0,0
1,1,0,1
0,1,0,1
0,1,0,1
0,0,0,0
0,1,0,1
0,0,0,0
1,0,1,1
1,1,0,1
1,0,1,1
0,1,0,1
0,1,0,1
1,0,0,0
1,0,0,0
0,0,0,0
0,1,0,1
0,0,0,0
0,1,0,1
0,0,0,0
0,1,0,1
0,1,0,1
1,0,1,1
0,0,0,0
0,0,0,0
1,0,0,0
0,1,0,1
0,0,0,0
0,0,0,0
1,0,1,1
0,1,0,1
1,0,0,0
1,0,0,0
1,0,1,1
0,1,0,1
0,0,0,0
0,1,0,1
0,1,0,1
0,1,0,1
0,0,0,0
0,1,0,1
0,0,0,0
0,0,0,0
1,0,0,0
1,0,0,0
0,0,0,0
1,0,1,1
0,1,0,1
0,1,0,1
0,0,0,0
0,0,0,0
0,0,0,0
0,1,0,1
1,0,0,0
0,1,0,1
0,0,0,0
0,1,0,1
0,1,0,1
0,1,0,1
0,0,0,0
0,1,0,1
1,1,0,1
0,0,0,0
0,0,0,0
1,0,0,0
1,0,0,0
0,0,0,0
0,0,0,0
0,0,0,0
0,1,0,1
1,0,0,0
0,0,0,0
0,1,0,1
1,0,0,0
1,0,0,0
0,0,0,0
0,0,0,0
0,0,0,0
0,0,0,0
0,1,0,1
1,1,0,1
0,0,0,0
0,0,0,0
0,1,0,1
1,1,0,1
0,0,0,0
0,0,0,0
0,1,0,1
0,0,0,0
0,1,0,1
0,1,0,1
0,0,0,0
0,1,0,1
0,0,0,0
0,1,0,1
0,0,0,0
0,0,0,0
0,1,0,1
0,0,0,0
0,1,0,1
0,1,0,1
1,0,0,0
0,1,0,1
0,1,0,1
1,0,1,1
0,1,0,1
1,0,0,0
1,0,1,1
0,1,0,1
0,0,0,0
0,0,0,0
0,1,0,1
1,1,0,1
0,0,0,0
0,0,0,0
0,0,0,0
0,1,0,1
0,1,0,1
1,0,0,0
0,0,0,0
1,0,0,0
1,0,0,0
0,1,0,1
0,1,0,1
0,1,0,1
0,0,0,0
0,1,0,1
0,1,0,1
0,0,0,0
1,0,0,0
0,1,0,1
0,0,0,0
0,0,0,0
0,1,0,1
0,1,0,1
0,0,0,0
0,0,0,0
0,0,0,0
0,1,0,1
0,0,0,0
1,1,0,1
0,1,0,1
1,1,0,1
1,0,0,0
1,1,0,1
0,1,0,1
0,0,0,0
0,1,0,1
1,0,0,0
0,0,0,0
0,1,0,1
1,0,0,0
1,1,1,1
1,0,1,1
1,0,0,0
1,0,0,0
1,0,1,1
0,1,0,1
0,0,0,0
1,0,0,0
0,1,0,1
0,1,0,1
0,0,0,0
0,1,0,1
0,0,0,0
1,0,0,0
0,1,0,1
0,0,0,0
0,0,0,0
0,1,0,1
1,0,0,0
0,0,0,0
0,1,0,1
1,0,0,0
0,0,0,0
1,0,1,1
0,0,0,0
1,1,1,1
1,0,1,1
0,1,0,1
1,0,0,0
1,1,0,1
1,0,0,0
0,1,0,1
0,1,0,1
0,0,0,0
0,1,0,1
0,1,0,1
0,0,0,0
0,0,0,0
1,0,0,0
0,1,0,1
0,0,0,0
0,1,0,1
0,1,0,1
1,0,1,1
0,1,0,1
0,1,0,1
0,1,0,1
0,0,0,0
0,1,0,1
1,0,0,0
0,1,0,1
0,1,0,1
0,1,0,1
1,0,0,0
1,0,0,0
1,0,0,0
0,0,0,0
1,0,1,1
0,0,0,0
0,1,0,1
0,1,0,1
0,0,0,0
0,0,0,0
1,0,0,0
1,0,0,0
0,0,0,0
0,0,0,0
0,0,0,0
0,1,0,1
0,0,0,0
0,0,0,0
0,1,0,1
0,1,0,1
0,1,0,1
0,0,0,0
0,0,0,0
0,1,0,1
1,0,0,0
0,1,0,1
0,0,0,0
1,0,0,0
0,0,0,0
0,1,0,1
0,1,0,1
0,0,0,0
0,1,0,1
0,0,0,0
0,1,0,1
0,1,0,1
0,0,0,0
0,0,0,0
1,0,0,0
0,1,0,1
0,1,0,1
0,0,0,0
0,1,0,1
0,0,0,0
0,0,0,0
0,1,0,1
0,0,0,0
0,0,0,0
0,1,0,1
0,1,0,1
1,0,0,0
1,1,1,1
0,0,0,0
0,0,0,0
0,1,0,1
1,0,0,0
0,0,0,0
1,0,0,0
0,0,0,0
0,1,0,1
0,0,0,0
0,0,0,0
0,1,0,1
0,1,0,1
1,0,0,0
0,0,0,0
0,0,0,0
1,0,1,1
0,0,0,0
0,0,0,0
0,0,0,0
1,0,1,1
1,0,1,1
0,0,0,0
0,1,0,1
0,1,0,1
0,1,0,1
0,1,0,1
1,0,1,1
0,0,0,0
1,0,0,0
0,0,0,0
0,1,0,1
1,0,0,0
0,1,0,1
0,1,0,1
0,0,0,0
0,0,0,0
1,0,0,0
0,0,0,0
0,0,0,0
0,1,0,1
0,1,0,1
0,0,0,0
0,0,0,0
1,0,1,1
0,0,0,0
0,0,0,0
1,0,1,1
0,0,0,0
0,1,0,1
1,0,0,0
0,1,0,1
0,0,0,0
1,0,0,0
0,1,0,1
0,0,0,0
1,0,0,0
0,1,0,1
0,0,0,0
1,0,0,0
0,1,0,1
0,1,0,1
1,0,0,0
0,1,0,1
1,0,0,0
1,1,1,1
0,0,0,0
1,1,1,1
0,0,0,0
0,1,0,1
0,1,0,1
0,0,0,0
0,1,0,1
1,0,0,0
0,0,0,0
1,0,1,1
0,1,0,1
0,0,0,0
0,0,0,0
1,1,0,1
0,0,0,0
1,0,0,0
0,1,0,1
1,0,0,0
1,0,0,0
0,1,0,1
0,0,0,0
0,0,0,0
0,1,0,1
1,0,1,1
1,1,0,1
0,0,0,0
0,0,0,0
0,0,0,0
0,0,0,0
0,0,0,0
0,0,0,0
0,0,0,0
0,1,0,1
0,0,0,0
0,0,0,0
0,1,0,1
0,0,0,0
0,0,0,0
0,0,0,0
0,1,0,1
0,0,0,0
0,1,0,1
0,0,0,0
1,0,0,0
0,1,0,1
1,0,0,0
0,0,0,0
0,1,0,1
0,0,0,0
0,0,0,0
0,1,0,1
1,1,0,1
1,0,0,0
0,0,0,0
0,1,0,1
0,1,0,1
0,0,0,0
0,0,0,0
0,0,0,0
0,1,0,1
0,0,0,0
0,1,0,1
0,0,0,0
0,0,0,0
0,0,0,0
0,1,0,1
1,0,0,0
0,0,0,0
0,1,0,1
1,0,0,0
0,1,0,1
1,0,1,1
0,0,0,0
0,1,0,1
1,0,0,0
0,0,0,0
0,1,0,1
1,1,0,1
0,0,0,0
0,1,0,1
0,0,0,0
0,1,0,1
0,1,0,1
0,1,0,1
0,1,0,1
1,0,0,0
1,0,0,0
0,0,0,0
0,1,0,1
0,0,0,0
0,1,0,1
1,0,0,0
0,0,0,0
0,0,0,0
0,0,0,0
0,1,0,1
1,0,0,0
0,1,0,1
1,1,0,1
0,0,0,0
0,0,0,0
0,0,0,0
0,0,0,0
1,0,0,0
0,0,0,0
0,0,0,0
1,0,0,0
0,1,0,1
1,0,0,0
0,0,0,0
0,1,0,1
0,1,0,1
1,0,0,0
0,0,0,0
1,0,0,0
0,1,0,1
0,1,0,1
1,0,0,0
1,0,1,1
0,1,0,1
0,0,0,0
0,0,0,0
0,1,0,1
0,1,0,1
0,1,0,1
1,1,0,1
0,0,0,0
1,1,0,1
0,1,0,1
0,0,0,0
0,1,0,1
0,1,0,1
0,1,0,1
0,1,0,1
0,1,0,1
0,1,0,1
0,1,0,1
0,1,0,1
1,0,0,0
0,1,0,1
0,0,0,0
0,1,0,1
0,1,0,1
0,0,0,0
0,1,0,1
0,0,0,0
1,0,0,0
0,0,0,0
1,0,1,1
0,1,0,1
0,0,0,0
1,0,0,0
1,0,1,1
1,0,0,0
0,1,0,1
0,1,0,1
1,0,0,0
0,0,0,0
1,1,0,1
0,1,0,1
0,0,0,0
0,1,0,1
1,0,0,0
0,1,0,1
0,1,0,1
0,0,0,0
0,1,0,1
0,1,0,1
0,0,0,0
0,0,0,0
0,0,0,0
0,0,0,0
0,0,0,0
1,0,1,1
0,0,0,0
0,0,0,0
0,1,0,1
1,0,1,1
0,1,0,1
0,1,0,1
0,0,0,0
0,1,0,1
0,1,0,1
0,0,0,0
0,0,0,0
0,0,0,0
0,1,0,1
0,0,0,0
0,0,0,0
0,0,0,0
0,0,0,0
0,1,0,1
0,1,0,1
0,1,0,1
0,1,0,1
0,0,0,0
1,0,0,0
0,0,0,0
0,0,0,0
1,1,0,1
1,0,0,0
1,0,0,0
0,1,0,1
0,1,0,1
0,0,0,0
0,1,0,1
0,1,0,1
0,0,0,0
0,1,0,1
0,0,0,0
0,0,0,0
0,1,0,1
0,0,0,0
1,0,0,0
1,0,0,0
1,1,0,1
0,1,0,1
0,0,0,0
0,1,0,1
0,0,0,0
0,1,0,1
0,1,0,1
0,1,0,1
0,0,0,0
0,1,0,1
0,1,0,1
0,1,0,1
1,0,0,0
0,0,0,0
1,0,1,1
1,0,0,0
1,1,0,1
0,0,0,0
0,1,0,1
0,0,0,0
0,0,0,0
0,0,0,0
0,0,0,0
0,0,0,0
0,0,0,0
0,1,0,1
1,0,0,0
0,1,0,1
0,0,0,0
0,1,0,1
1,1,0,1
1,0,0,0
0,1,0,1
0,1,0,1
0,0,0,0
0,1,0,1
0,0,0,0
0,0,0,0
0,1,0,1
0,0,0,0
0,1,0,1
0,1,0,1
0,0,0,0
0,0,0,0
0,0,0,0
0,0,0,0
1,0,1,1
1,0,1,1
1,1,0,1
0,0,0,0
0,1,0,1
0,0,0,0
1,1,0,1
1,0,0,0
0,1,0,1
1,0,0,0
0,0,0,0
0,1,0,1
0,0,0,0
0,0,0,0
0,1,0,1
0,1,0,1
1,0,0,0
1,1,0,1
0,0,0,0
0,1,0,1
0,0,0,0
0,0,0,0
1,0,0,0
0,1,0,1
0,1,0,1
1,0,1,1
0,1,0,1
1,0,0,0
0,1,0,1
0,1,0,1
0,1,0,1
0,0,0,0
1,0,0,0
0,0,0,0
1,1,0,1
0,0,0,0
0,0,0,0
1,0,1,1
1,0,1,1
1,1,0,1
0,0,0,0
0,0,0,0
0,0,0,0
0,0,0,0
0,0,0,0
0,0,0,0
1,1,0,1
0,0,0,0
0,1,0,1
0,1,0,1
1,0,0,0
1,0,0,0
0,0,0,0
0,1,0,1
0,1,0,1
0,0,0,0
0,1,0,1
1,0,0,0
0,1,0,1
0,0,0,0
1,0,1,1
0,0,0,0
0,1,0,1
0,1,0,1
1,0,1,1
0,1,0,1
0,0,0,0
1,0,0,0
0,1,0,1
0,0,0,0
1,0,0,0
0,1,0,1
0,1,0,1
0,0,0,0
0,0,0,0
1,1,0,1
1,0,0,0
0,1,0,1
1,0,0,0
1,1,0,1
0,1,0,1
1,0,0,0
0,0,0,0
0,0,0,0
0,0,0,0
0,0,0,0
0,1,0,1
1,0,1,1
1,1,1,1
1,0,0,0
0,0,0,0
0,0,0,0
0,1,0,1
0,1,0,1
0,0,0,0
0,1,0,1
0,0,0,0
0,1,0,1
0,0,0,0
0,1,0,1
0,0,0,0
0,0,0,0
0,1,0,1
0,1,0,1
1,0,0,0
0,0,0,0
1,0,0,0
0,1,0,1
0,1,0,1
1,0,1,1
0,0,0,0
1,0,0,0
0,1,0,1
0,0,0,0
0,0,0,0
0,1,0,1
1,0,1,1
0,1,0,1
0,1,0,1
0,0,0,0
1,0,0,0
0,0,0,0
0,1,0,1
0,0,0,0
0,1,0,1
0,1,0,1
1,0,0,0
0,1,0,1
1,0,1,1
0,1,0,1
0,0,0,0
1,0,0,0
0,1,0,1
0,1,0,1
0,1,0,1
1,0,0,0
0,0,0,0
0,1,0,1
0,1,0,1
0,0,0,0
0,1,0,1
1,0,0,0
0,0,0,0
0,1,0,1
0,0,0,0
0,1,0,1
0,0,0,0
0,0,0,0
1,0,0,0
0,0,0,0
0,0,0,0
1,0,0,0
1,0,1,1
1,0,0,0
0,1,0,1
0,1,0,1
1,0,0,0
1,1,1,1
0,1,0,1
0,1,0,1
0,0,0,0
0,0,0,0
0,0,0,0
0,1,0,1
0,1,0,1
1,0,0,0
0,1,0,1
0,1,0,1
0,1,0,1
0,0,0,0
0,0,0,0
1,0,0,0
0,1,0,1
0,1,0,1
0,1,0,1
1,0,1,1
0,1,0,1
0,1,0,1
1,0,0,0
0,1,0,1
0,0,0,0
0,1,0,1
0,0,0,0
0,1,0,1
1,0,0,0
0,1,0,1
0,0,0,0
0,1,0,1
0,1,0,1
0,1,0,1
0,1,0,1
0,1,0,1
0,0,0,0
0,0,0,0
0,1,0,1
1,0,0,0
0,1,0,1
1,0,0,0
0,1,0,1
0,0,0,0
0,1,0,1
1,0,1,1
0,0,0,0
0,1,0,1
0,1,0,1
0,0,0,0
0,0,0,0
1,0,0,0
0,1,0,1
0,1,0,1
0,0,0,0
0,0,0,0
0,1,0,1
0,0,0,0
0,1,0,1
0,1,0,1
0,1,0,1
1,0,0,0
1,1,0,1
1,0,1,1
1,0,0,0
0,1,0,1
0,1,0,1
0,1,0,1
0,0,0,0
0,1,0,1
1,0,0,0
0,1,0,1
1,0,0,0
0,0,0,0
1,1,0,1
0,0,0,0
0,1,0,1
0,1,0,1
0,1,0,1
1,0,0,0
0,1,0,1
1,0,0,0
0,1,0,1
0,0,0,0
0,0,0,0
0,0,0,0
1,1,0,1
0,1,0,1
0,1,0,1
0,1,0,1
0,1,0,1
0,0,0,0
0,1,0,1
0,0,0,0
1,0,0,0
0,1,0,1
1,1,0,1
0,1,0,1
0,0,0,0
1,1,0,1
0,1,0,1
0,0,0,0
1,0,0,0
1,0,0,0
0,1,0,1
0,0,0,0
0,1,0,1
1,0,0,0
1,0,0,0
0,1,0,1
0,1,0,1
0,1,0,1
1,0,0,0
0,0,0,0
0,0,0,0
0,0,0,0
0,1,0,1
1,0,0,0
1,0,0,0
1,0,0,0
0,0,0,0
0,1,0,1
1,1,1,1
0,0,0,0
0,1,0,1
1,1,0,1
0,1,0,1
0,0,0,0
1,0,0,0
1,0,0,0
1,1,0,1
0,1,0,1
1,0,1,1
0,0,0,0
0,1,0,1
0,1,0,1
0,0,0,0
0,1,0,1
0,1,0,1
1,0,0,0
0,0,0,0
0,0,0,0
0,1,0,1
0,1,0,1
1,0,0,0
0,1,0,1
0,0,0,0
1,0,0,0
0,1,0,1
0,1,0,1
0,1,0,1
0,1,0,1
0,1,0,1
0,0,0,0
1,0,0,0
0,0,0,0
1,0,1,1
0,0,0,0
0,1,0,1
1,1,1,1
0,1,0,1
0,0,0,0
0,1,0,1
0,0,0,0
0,0,0,0
0,0,0,0
0,0,0,0
1,1,0,1
0,0,0,0
0,1,0,1
0,0,0,0
1,1,1,1
0,1,0,1
0,0,0,0
0,1,0,1
0,1,0,1
0,0,0,0
1,0,0,0
0,1,0,1
0,0,0,0
0,0,0,0
0,0,0,0
0,1,0,1
0,1,0,1
0,1,0,1
1,0,0,0
0,0,0,0
0,1,0,1
1,0,1,1
0,0,0,0
0,1,0,1
0,0,0,0
0,1,0,1
0,0,0,0
1,1,1,1
0,0,0,0
1,0,0,0
1,0,0,0
0,1,0,1
0,0,0,0
1,0,1,1
1,0,0,0
0,1,0,1
1,1,1,1
0,0,0,0
1,0,0,0
1,0,0,0
0,1,0,1
0,0,0,0
0,1,0,1
0,1,0,1
0,0,0,0
0,0,0,0
0,1,0,1
0,1,0,1
0,0,0,0
0,0,0,0
1,0,0,0
0,1,0,1
0,1,0,1
0,1,0,1
0,0,0,0
0,0,0,0
1,0,0,0
0,1,0,1
0,1,0,1
0,1,0,1
0,0,0,0
0,0,0,0
0,0,0,0
0,0,0,0
0,1,0,1
0,1,0,1
1,0,1,1
0,0,0,0
0,1,0,1
0,1,0,1
0,0,0,0
0,0,0,0
0,1,0,1
1,0,0,0
0,0,0,0
0,1,0,1
0,0,0,0
1,0,0,0
1,0,1,1
0,0,0,0
0,0,0,0
0,1,0,1
0,0,0,0
0,1,0,1
1,1,0,1
0,0,0,0
0,0,0,0
0,1,0,1
1,0,0,0
0,1,0,1
1,0,0,0
0,0,0,0
1,1,1,1
0,0,0,0
0,0,0,0
0,1,0,1
0,0,0,0
1,0,0,0
1,0,0,0
1,1,0,1
0,1,0,1
1,0,0,0
1,0,0,0
0,1,0,1
0,0,0,0
0,0,0,0
1,1,0,1
0,1,0,1
0,1,0,1
1,0,0,0
1,0,1,1
0,0,0,0
1,0,1,1
0,1,0,1
0,0,0,0
0,1,0,1
0,0,0,0
0,1,0,1
0,0,0,0
1,0,0,0
0,1,0,1
0,1,0,1
0,0,0,0
0,0,0,0
0,1,0,1
0,0,0,0
0,0,0,0
0,1,0,1
1,0,0,0
0,1,0,1
1,1,1,1
0,0,0,0
1,0,1,1
0,1,0,1
0,1,0,1
0,0,0,0
0,0,0,0
0,1,0,1
1,0,0,0
1,1,0,1
0,1,0,1
1,0,1,1
1,0,1,1
0,0,0,0
1,0,0,0
0,1,0,1
0,0,0,0
1,0,0,0
1,1,1,1
1,0,0,0
0,1,0,1
0,1,0,1
0,0,0,0
0,0,0,0
0,1,0,1
1,0,0,0
0,1,0,1
0,1,0,1
1,0,1,1
0,1,0,1
1,0,0,0
0,1,0,1
0,1,0,1
1,0,0,0
0,1,0,1
0,0,0,0
1,0,1,1
0,1,0,1
0,1,0,1
0,1,0,1
1,0,0,0
1,0,0,0
0,1,0,1
0,0,0,0
0,1,0,1
0,1,0,1
0,0,0,0
0,1,0,1
0,1,0,1
0,0,0,0
0,0,0,0
0,0,0,0
1,1,1,1
0,1,0,1
0,1,0,1
0,0,0,0
0,1,0,1
0,1,0,1
0,1,0,1
0,0,0,0
0,0,0,0
0,1,0,1
0,1,0,1
1,0,0,0
0,1,0,1
0,0,0,0
0,1,0,1
0,0,0,0
0,1,0,1
1,0,0,0
1,0,0,0
0,0,0,0
0,0,0,0
0,1,0,1
0,0,0,0
0,1,0,1
0,1,0,1
1,0,0,0
1,0,0,0
0,0,0,0
0,1,0,1
0,0,0,0
0,1,0,1
1,0,0,0
0,0,0,0
1,0,0,0
0,0,0,0
0,1,0,1
0,0,0,0
0,1,0,1
0,0,0,0
1,1,0,1
0,1,0,1
0,0,0,0
0,1,0,1
1,0,0,0
1,0,0,0
1,0,1,1
0,1,0,1
1,0,1,1
0,0,0,0
0,1,0,1
0,1,0,1
0,1,0,1
0,1,0,1
0,1,0,1
0,1,0,1
0,0,0,0
0,1,0,1
0,1,0,1
1,1,0,1
0,1,0,1
0,0,0,0
0,1,0,1
1,0,0,0
0,1,0,1
0,1,0,1
0,1,0,1
0,1,0,1
0,1,0,1
1,0,1,1
0,0,0,0
0,0,0,0
1,0,0,0
0,1,0,1
1,0,1,1
0,0,0,0
1,0,0,0
0,0,0,0
0,1,0,1
0,1,0,1
0,1,0,1
0,0,0,0
0,1,0,1
1,1,1,1
0,1,0,1
0,1,0,1
1,0,1,1
0,1,0,1
0,0,0,0
0,0,0,0
0,0,0,0
0,1,0,1
0,1,0,1
0,0,0,0
0,0,0,0
1,1,1,1
0,1,0,1
0,0,0,0
0,1,0,1
1,0,1,1
0,1,0,1
0,0,0,0
0,1,0,1
1,0,0,0
0,0,0,0
0,0,0,0
0,0,0,0
0,0,0,0
0,0,0,0
1,0,1,1
0,0,0,0
0,0,0,0
0,0,0,0
1,1,1,1
0,0,0,0
1,0,0,0
0,1,0,1
0,1,0,1
0,1,0,1
0,0,0,0
0,1,0,1
1,1,0,1
0,0,0,0
0,1,0,1
0,0,0,0
1,0,0,0
0,1,0,1
0,0,0,0
0,0,0,0
0,0,0,0
1,0,0,0
0,1,0,1
0,0,0,0
0,0,0,0
0,0,0,0
1,1,0,1
1,0,1,1
0,1,0,1
1,0,0,0
0,1,0,1
0,1,0,1
0,0,0,0
1,1,0,1
0,1,0,1
0,1,0,1
0,0,0,0
1,0,0,0
0,0,0,0
0,0,0,0
0,0,0,0
0,1,0,1
0,0,0,0
0,0,0,0
0,1,0,1
0,1,0,1
0,1,0,1
0,1,0,1
0,1,0,1
0,0,0,0
0,0,0,0
1,0,0,0
1,0,0,0
0,0,0,0
0,1,0,1
0,0,0,0
1,0,1,1
0,0,0,0
0,0,0,0
0,0,0,0
0,1,0,1
0,0,0,0
0,1,0,1
1,0,0,0
1,1,0,1
0,1,0,1
0,0,0,0
0,1,0,1
0,1,0,1
0,1,0,1
1,0,0,0
0,1,0,1
1,0,0,0
0,1,0,1
0,0,0,0
0,0,0,0
0,1,0,1
1,0,0,0
0,1,0,1
1,0,0,0
1,0,1,1
0,0,0,0
0,0,0,0
0,0,0,0
0,0,0,0
0,0,0,0
0,0,0,0
0,0,0,0
0,1,0,1
0,0,0,0
0,0,0,0
0,0,0,0
0,0,0,0
0,0,0,0
0,0,0,0
0,0,0,0
1,1,1,1
0,0,0,0
0,1,0,1
1,0,1,1
0,1,0,1
0,1,0,1
0,1,0,1
0,1,0,1
0,0,0,0
0,1,0,1
1,0,0,0
1,0,0,0
0,1,0,1
1,1,0,1
1,0,0,0
0,1,0,1
1,0,1,1
0,1,0,1
1,0,1,1
1,0,0,0
0,0,0,0
1,0,0,0
0,1,0,1
0,0,0,0
0,1,0,1
0,0,0,0
1,0,0,0
0,0,0,0
1,0,1,1
1,1,0,1
0,1,0,1
1,1,0,1
0,1,0,1
0,1,0,1
0,0,0,0
0,1,0,1
0,1,0,1
0,1,0,1
1,1,1,1
0,1,0,1
0,0,0,0
0,0,0,0
0,1,0,1
1,0,0,0
0,1,0,1
1,0,0,0
0,0,0,0
0,0,0,0
0,1,0,1
0,1,0,1
0,0,0,0
0,1,0,1
0,0,0,0
1,0,0,0
0,0,0,0
0,0,0,0
0,1,0,1
0,1,0,1
0,0,0,0
0,1,0,1
1,0,0,0
0,1,0,1
0,1,0,1
1,0,0,0
0,1,0,1
0,0,0,0
0,0,0,0
0,0,0,0
0,0,0,0
1,0,0,0
0,0,0,0
0,1,0,1
0,1,0,1
0,0,0,0
1,0,0,0
0,1,0,1
0,1,0,1
0,0,0,0
0,1,0,1
1,0,0,0
1,0,0,0
0,1,0,1
1,0,0,0
0,0,0,0
0,1,0,1
0,1,0,1
0,1,0,1
0,0,0,0
1,1,0,1
0,0,0,0
0,1,0,1
0,0,0,0
0,0,0,0
0,0,0,0
0,1,0,1
0,1,0,1
1,1,0,1
0,1,0,1
0,1,0,1
0,0,0,0
1,0,0,0
0,0,0,0
0,1,0,1
0,0,0,0
0,0,0,0
0,0,0,0
0,0,0,0
0,1,0,1
1,1,0,1
0,1,0,1
0,0,0,0
0,1,0,1
0,1,0,1
1,0,0,0
0,1,0,1
1,1,0,1
1,0,0,0
0,1,0,1
0,1,0,1
0,1,0,1
0,0,0,0
0,1,0,1
1,1,0,1
0,1,0,1
0,1,0,1
0,1,0,1
1,1,0,1
0,0,0,0
0,0,0,0
0,1,0,1
0,1,0,1
0,0,0,0
0,1,0,1
0,0,0,0
0,1,0,1
0,0,0,0
1,1,1,1
0,0,0,0
1,0,0,0
0,0,0,0
0,1,0,1
0,0,0,0
0,0,0,0
0,0,0,0
1,1,0,1
0,1,0,1
0,1,0,1
1,0,1,1
0,1,0,1
0,0,0,0
0,0,0,0
0,1,0,1
0,0,0,0
0,0,0,0
0,0,0,0
1,0,1,1
0,1,0,1
0,0,0,0
1,0,0,0
0,1,0,1
0,0,0,0
0,1,0,1
0,1,0,1
0,0,0,0
0,0,0,0
0,0,0,0
0,0,0,0
0,1,0,1
1,0,1,1
0,1,0,1
1,0,0,0
0,0,0,0
0,1,0,1
1,0,0,0
0,0,0,0
1,0,0,0
0,1,0,1
0,0,0,0
0,0,0,0
0,0,0,0
1,1,0,1
0,1,0,1
0,1,0,1
0,0,0,0
1,1,1,1
0,0,0,0
0,0,0,0
0,1,0,1
0,1,0,1
0,0,0,0
0,0,0,0
0,1,0,1
0,0,0,0
0,1,0,1
0,1,0,1
1,0,1,1
1,0,0,0
0,1,0,1
1,0,0,0
0,1,0,1
0,0,0,0
1,0,0,0
0,0,0,0
1,0,0,0
0,0,0,0
0,1,0,1
0,1,0,1
0,1,0,1
0,1,0,1
1,0,0,0
0,0,0,0
1,0,1,1
1,0,0,0
0,1,0,1
1,1,0,1
0,1,0,1
0,0,0,0
0,0,0,0
0,0,0,0
0,1,0,1
1,1,1,1
0,0,0,0
0,0,0,0
0,1,0,1
0,0,0,0
0,1,0,1
0,1,0,1
0,1,0,1
1,0,0,0
1,1,0,1
0,0,0,0
1,1,0,1
0,0,0,0
1,0,0,0
0,1,0,1
0,0,0,0
1,0,1,1
0,0,0,0
0,0,0,0
0,0,0,0
0,0,0,0
0,0,0,0
1,0,0,0
0,1,0,1
1,1,1,1
0,0,0,0
0,1,0,1
0,1,0,1
0,0,0,0
1,0,1,1
1,1,0,1
1,0,0,0
0,0,0,0
0,1,0,1
0,0,0,0
0,0,0,0
0,1,0,1
0,0,0,0
0,0,0,0
1,1,0,1
0,1,0,1
0,0,0,0
0,0,0,0
0,0,0,0
1,1,0,1
0,1,0,1
0,0,0,0
1,1,0,1
0,0,0,0
0,1,0,1
0,0,0,0
0,0,0,0
0,1,0,1
1,1,1,1
1,0,1,1
0,1,0,1
0,1,0,1
0,1,0,1
0,1,0,1
0,0,0,0
0,0,0,0
1,0,0,0
0,1,0,1
0,1,0,1
0,0,0,0
0,0,0,0
1,1,1,1
1,0,1,1
0,0,0,0
0,1,0,1
0,1,0,1
0,1,0,1
0,1,0,1
1,0,0,0
0,0,0,0
0,1,0,1
0,1,0,1
0,1,0,1
0,0,0,0
1,0,0,0
0,0,0,0
0,1,0,1
0,0,0,0
1,0,0,0
0,0,0,0
0,1,0,1
0,1,0,1
0,0,0,0
0,0,0,0
1,1,1,1
0,0,0,0
0,1,0,1
0,0,0,0
0,0,0,0
0,1,0,1
0,0,0,0
0,0,0,0
0,0,0,0
1,0,0,0
0,1,0,1
0,1,0,1
0,0,0,0
0,1,0,1
0,1,0,1
1,0,1,1
1,1,0,1
0,1,0,1
0,0,0,0
0,0,0,0
0,0,0,0
1,0,0,0
0,0,0,0
0,1,0,1
1,0,0,0
0,1,0,1
0,0,0,0
0,1,0,1
0,0,0,0
1,0,0,0
0,0,0,0
0,0,0,0
1,0,0,0
1,0,0,0
1,0,0,0
0,0,0,0
0,0,0,0
0,1,0,1
0,1,0,1
1,0,0,0
1,0,0,0
0,1,0,1
0,1,0,1
0,0,0,0
1,0,1,1
0,0,0,0
1,0,0,0
0,0,0,0
0,1,0,1
1,0,1,1
0,0,0,0
0,1,0,1
1,0,0,0
1,0,0,0
0,0,0,0
0,1,0,1
0,0,0,0
1,0,0,0
0,0,0,0
1,0,1,1
1,1,0,1
0,0,0,0
0,0,0,0
0,0,0,0
0,0,0,0
0,1,0,1
0,1,0,1
1,1,1,1
0,1,0,1
0,1,0,1
1,1,0,1
0,1,0,1
1,0,1,1
0,0,0,0
1,1,0,1
0,1,0,1
1,0,1,1
0,0,0,0
0,1,0,1
1,0,0,0
0,0,0,0
1,0,0,0
0,1,0,1
1,0,0,0
0,0,0,0
1,0,0,0
0,0,0,0
0,0,0,0
0,1,0,1
0,0,0,0
1,0,0,0
1,0,0,0
0,0,0,0
0,1,0,1
0,1,0,1
0,1,0,1
0,0,0,0
1,1,0,1
0,0,0,0
0,1,0,1
1,0,1,1
0,0,0,0
0,0,0,0
0,0,0,0
0,1,0,1
1,0,0,0
0,1,0,1
1,0,0,0
0,0,0,0
0,1,0,1
0,1,0,1
0,0,0,0
1,0,0,0
0,1,0,1
0,1,0,1
0,0,0,0
0,0,0,0
0,0,0,0
0,1,0,1
0,0,0,0
1,0,0,0
0,1,0,1
0,1,0,1
0,1,0,1
0,0,0,0
0,0,0,0
0,1,0,1
0,0,0,0
0,1,0,1
0,1,0,1
0,1,0,1
0,0,0,0
0,0,0,0
0,1,0,1
0,0,0,0
0,1,0,1
0,0,0,0
1,1,0,1
0,0,0,0
1,0,0,0
0,0,0,0
0,1,0,1
0,1,0,1
1,0,0,0
1,0,0,0
0,1,0,1
1,0,1,1
1,1,1,1
0,1,0,1
0,1,0,1
0,1,0,1
0,1,0,1
0,1,0,1
0,1,0,1
0,0,0,0
1,0,0,0
1,0,1,1
0,0,0,0
0,0,0,0
0,0,0,0
0,1,0,1
0,1,0,1
0,0,0,0
0,0,0,0
0,1,0,1
0,0,0,0
0,0,0,0
0,0,0,0
0,1,0,1
0,1,0,1
1,0,0,0
0,1,0,1
0,1,0,1
1,1,1,1
0,1,0,1
1,1,1,1
0,0,0,0
0,1,0,1
0,1,0,1
0,0,0,0
1,0,0,0
0,0,0,0
0,1,0,1
0,0,0,0
0,0,0,0
0,0,0,0
0,0,0,0
0,1,0,1
0,1,0,1
0,1,0,1
0,1,0,1
0,1,0,1
0,0,0,0
0,1,0,1
0,1,0,1
0,0,0,0
0,1,0,1
0,0,0,0
1,0,1,1
0,0,0,0
0,0,0,0
0,0,0,0
0,1,0,1
0,0,0,0
0,0,0,0
0,1,0,1
0,1,0,1
0,0,0,0
0,1,0,1
0,0,0,0
0,0,0,0
1,0,0,0
0,0,0,0
0,1,0,1
0,0,0,0
0,0,0,0
1,0,0,0
0,1,0,1
1,1,0,1
0,1,0,1
1,0,0,0
0,0,0,0
0,1,0,1
1,1,0,1
1,0,0,0
0,1,0,1
1,0,1,1
0,1,0,1
0,1,0,1
0,0,0,0
0,0,0,0
0,0,0,0
0,1,0,1
1,0,0,0
0,1,0,1
1,0,1,1
1,1,0,1
1,0,1,1
0,1,0,1
0,1,0,1
0,0,0,0
1,0,0,0
0,1,0,1
0,0,0,0
1,0,1,1
1,0,0,0
1,0,0,0
0,0,0,0
1,0,0,0
1,0,0,0
0,0,0,0
0,1,0,1
0,0,0,0
0,0,0,0
0,1,0,1
0,0,0,0
0,1,0,1
1,0,0,0
0,1,0,1
0,0,0,0
0,0,0,0
1,1,0,1
1,0,0,0
0,1,0,1
1,0,0,0
0,1,0,1
0,1,0,1
0,1,0,1
0,1,0,1
0,0,0,0
0,0,0,0
1,0,1,1
0,1,0,1
1,1,0,1
0,1,0,1
1,1,0,1
0,0,0,0
0,0,0,0
0,0,0,0
0,1,0,1
0,0,0,0
1,1,0,1
0,1,0,1
0,1,0,1
0,0,0,0
0,0,0,0
0,0,0,0
0,0,0,0
0,0,0,0
0,1,0,1
1,0,1,1
1,1,1,1
0,0,0,0
0,0,0,0
0,0,0,0
0,0,0,0
0,0,0,0
1,0,1,1
0,1,0,1
1,0,0,0
1,1,0,1
0,1,0,1
0,0,0,0
1,0,0,0
0,0,0,0
0,0,0,0
1,1,0,1
1,0,0,0
0,0,0,0
0,1,0,1
0,0,0,0
0,0,0,0
0,1,0,1
1,0,0,0
0,0,0,0
0,0,0,0
1,0,0,0
0,0,0,0
0,0,0,0
0,0,0,0
1,0,0,0
0,1,0,1
1,0,0,0
0,1,0,1
1,0,1,1
0,0,0,0
1,0,0,0
0,0,0,0
1,0,0,0
0,1,0,1
0,0,0,0
0,0,0,0
0,1,0,1
0,0,0,0
0,1,0,1
0,1,0,1
1,0,0,0
1,0,0,0
0,0,0,0
0,0,0,0
1,0,0,0
0,1,0,1
0,1,0,1
0,1,0,1
0,1,0,1
0,1,0,1
1,1,1,1
0,0,0,0
1,1,0,1
1,0,0,0
0,0,0,0
1,0,0,0
0,1,0,1
0,0,0,0
0,1,0,1
0,0,0,0
0,0,0,0
0,0,0,0
0,1,0,1
0,0,0,0
1,1,0,1
1,0,1,1
1,0,0,0
0,1,0,1
0,0,0,0
1,1,0,1
1,1,0,1
1,0,0,0
1,0,0,0
0,1,0,1
0,1,0,1
0,1,0,1
0,1,0,1
0,0,0,0
0,1,0,1
0,1,0,1
0,0,0,0
1,0,0,0
0,1,0,1
0,1,0,1
0,0,0,0
0,1,0,1
0,0,0,0
0,0,0,0
0,1,0,1
0,0,0,0
0,0,0,0
0,1,0,1
0,0,0,0
0,1,0,1
1,0,0,0
0,1,0,1
1,0,1,1
0,0,0,0
0,1,0,1
0,1,0,1
0,1,0,1
0,0,0,0
0,0,0,0
0,1,0,1
1,0,1,1
0,1,0,1
0,0,0,0
0,1,0,1
0,1,0,1
1,0,0,0
0,1,0,1
0,1,0,1
1,0,0,0
0,0,0,0
0,0,0,0
0,0,0,0
0,0,0,0
0,1,0,1
0,1,0,1
0,0,0,0
0,1,0,1
1,0,0,0
0,0,0,0
0,1,0,1
0,1,0,1
1,0,0,0
0,0,0,0
0,1,0,1
0,1,0,1
0,0,0,0
1,0,0,0
0,1,0,1
0,0,0,0
1,0,0,0
1,0,0,0
1,0,0,0
0,1,0,1
0,0,0,0
0,1,0,1
0,0,0,0
0,0,0,0
0,1,0,1
0,0,0,0
0,0,0,0
0,0,0,0
0,1,0,1
0,1,0,1
0,1,0,1
1,1,0,1
1,0,0,0
0,1,0,1
1,1,1,1
0,0,0,0
0,0,0,0
0,1,0,1
0,1,0,1
0,1,0,1
0,0,0,0
0,0,0,0
0,1,0,1
0,0,0,0
1,0,0,0
0,1,0,1
0,0,0,0
1,0,0,0
0,1,0,1
0,1,0,1
0,0,0,0
0,1,0,1
0,1,0,1
1,0,0,0
0,1,0,1
1,0,1,1
0,0,0,0
0,1,0,1
0,1,0,1
1,0,0,0
0,0,0,0
1,0,0,0
0,1,0,1
1,0,1,1
0,0,0,0
0,0,0,0
1,0,0,0
0,0,0,0
0,0,0,0
1,1,0,1
0,0,0,0
0,1,0,1
0,0,0,0
0,0,0,0
1,0,1,1
0,1,0,1
0,1,0,1
0,0,0,0
0,1,0,1
1,1,0,1
1,1,0,1
0,1,0,1
1,0,1,1
0,1,0,1
0,0,0,0
0,1,0,1
0,0,0,0
0,1,0,1
0,1,0,1
0,1,0,1
0,1,0,1
0,1,0,1
0,0,0,0
0,0,0,0
0,0,0,0
1,0,0,0
0,0,0,0
0,1,0,1
0,0,0,0
0,0,0,0
0,0,0,0
1,1,0,1
0,0,0,0
0,0,0,0
0,0,0,0
0,0,0,0
1,0,0,0
0,0,0,0
0,0,0,0
0,0,0,0
0,0,0,0
0,1,0,1
1,0,1,1
0,1,0,1
1,0,0,0
0,0,0,0
0,0,0,0
0,0,0,0
1,0,1,1
0,1,0,1
0,1,0,1
0,0,0,0
0,1,0,1
1,1,0,1
1,1,0,1
1,0,1,1
0,0,0,0
1,0,0,0
1,0,0,0
0,0,0,0
0,1,0,1
0,1,0,1
0,0,0,0
0,0,0,0
0,0,0,0
0,0,0,0
0,1,0,1
0,1,0,1
0,0,0,0
0,0,0,0
1,0,0,0
0,0,0,0
1,0,0,0
1,0,0,0
0,1,0,1
1,1,1,1
0,0,0,0
0,0,0,0
1,0,0,0
0,0,0,0
0,1,0,1
0,1,0,1
0,0,0,0
0,0,0,0
0,0,0,0
0,0,0,0
0,0,0,0
1,0,0,0
1,0,0,0
1,0,0,0
0,0,0,0
1,0,0,0
0,1,0,1
0,1,0,1
0,0,0,0
0,1,0,1
0,1,0,1
0,1,0,1
0,0,0,0
1,0,1,1
0,1,0,1
0,0,0,0
0,0,0,0
1,0,0,0
0,1,0,1
0,0,0,0
1,0,1,1
0,1,0,1
1,0,0,0
0,0,0,0
0,0,0,0
0,1,0,1
0,0,0,0
0,0,0,0
0,0,0,0
0,1,0,1
1,0,1,1
1,1,0,1
0,1,0,1
0,1,0,1
0,1,0,1
1,0,0,0
0,0,0,0
0,0,0,0
0,1,0,1
0,1,0,1
0,1,0,1
1,0,0,0
1,1,0,1
1,0,0,0
0,1,0,1
0,0,0,0
0,0,0,0
1,1,0,1
1,1,1,1
0,0,0,0
0,0,0,0
1,0,1,1
0,1,0,1
0,1,0,1
0,0,0,0
0,1,0,1
0,0,0,0
1,0,0,0
0,0,0,0
0,1,0,1
0,1,0,1
0,0,0,0
0,1,0,1
0,1,0,1
0,1,0,1
0,0,0,0
0,0,0,0
1,0,0,0
1,0,0,0
0,0,0,0
0,0,0,0
0,1,0,1
0,0,0,0
1,1,0,1
0,1,0,1
0,1,0,1
0,1,0,1
0,1,0,1
0,0,0,0
0,0,0,0
1,0,0,0
0,0,0,0
0,1,0,1
0,0,0,0
0,0,0,0
0,0,0,0
0,1,0,1
0,0,0,0
0,1,0,1
0,1,0,1
1,0,1,1
0,0,0,0
0,1,0,1
1,1,0,1
1,1,0,1
0,0,0,0
0,0,0,0
1,0,0,0
0,0,0,0
1,0,0,0
0,0,0,0
0,1,0,1
1,0,0,0
0,0,0,0
1,1,0,1
0,1,0,1
1,0,0,0
1,0,0,0
0,0,0,0
0,0,0,0
0,0,0,0
1,0,0,0
1,0,1,1
0,1,0,1
0,0,0,0
0,0,0,0
0,0,0,0
0,0,0,0
0,1,0,1
0,1,0,1
0,0,0,0
1,0,0,0
0,0,0,0
1,0,1,1
0,0,0,0
0,1,0,1
0,0,0,0
1,1,0,1
1,1,0,1
0,1,0,1
0,0,0,0
0,1,0,1
0,0,0,0
0,0,0,0
0,1,0,1
0,0,0,0
0,1,0,1
1,0,0,0
0,1,0,1
0,0,0,0
0,1,0,1
0,0,0,0
0,0,0,0
0,0,0,0
0,1,0,1
0,0,0,0
0,0,0,0
0,1,0,1
1,1,1,1
0,0,0,0
0,1,0,1
0,1,0,1
1,0,1,1
0,0,0,0
0,0,0,0
0,0,0,0
1,1,1,1
0,1,0,1
0,1,0,1
0,1,0,1
1,0,0,0
0,1,0,1
0,0,0,0
0,0,0,0
1,1,0,1
0,0,0,0
1,0,1,1
0,1,0,1
0,1,0,1
0,0,0,0
0,1,0,1
0,1,0,1
1,1,0,1
1,1,0,1
1,0,0,0
0,1,0,1
0,1,0,1
0,1,0,1
0,1,0,1
0,0,0,0
0,0,0,0
1,0,0,0
0,0,0,0
0,1,0,1
0,0,0,0
0,0,0,0
1,0,0,0
1,0,0,0
0,0,0,0
0,0,0,0
0,1,0,1
0,0,0,0
0,0,0,0
1,0,0,0
0,0,0,0
0,1,0,1
1,0,1,1
0,1,0,1
0,1,0,1
0,1,0,1
0,0,0,0
1,0,1,1
0,1,0,1
0,1,0,1
0,1,0,1
1,0,1,1
0,0,0,0
0,0,0,0
1,0,0,0
0,1,0,1
1,1,0,1
0,1,0,1
0,1,0,1
0,1,0,1
0,0,0,0
0,1,0,1
0,0,0,0
0,1,0,1
0,0,0,0
0,1,0,1
0,0,0,0
0,0,0,0
1,0,0,0
1,0,0,0
0,1,0,1
0,1,0,1
1,0,0,0
0,1,0,1
0,1,0,1
1,0,0,0
0,0,0,0
1,1,0,1
0,0,0,0
0,0,0,0
0,1,0,1
0,0,0,0
0,0,0,0
1,0,0,0
0,1,0,1
0,0,0,0
0,0,0,0
0,0,0,0
0,1,0,1
0,0,0,0
0,0,0,0
0,0,0,0
0,1,0,1
0,1,0,1
0,0,0,0
1,0,1,1
0,1,0,1
0,0,0,0
1,0,1,1
0,0,0,0
0,1,0,1
0,1,0,1
0,0,0,0
0,1,0,1
1,1,0,1
0,1,0,1
1,0,1,1
0,0,0,0
0,0,0,0
0,0,0,0
1,0,0,0
0,0,0,0
1,1,0,1
0,0,0,0
0,1,0,1
0,0,0,0
1,1,0,1
0,0,0,0
0,0,0,0
0,1,0,1
0,1,0,1
1,1,0,1
0,0,0,0
1,0,1,1
0,0,0,0
1,0,0,0
0,0,0,0
0,0,0,0
0,0,0,0
0,1,0,1
0,0,0,0
0,0,0,0
1,0,0,0
1,0,0,0
0,1,0,1
0,1,0,1
0,0,0,0
0,0,0,0
0,1,0,1
1,0,0,0
0,0,0,0
0,0,0,0
1,1,0,1
0,0,0,0
0,0,0,0
0,0,0,0
0,1,0,1
0,0,0,0
0,1,0,1
0,0,0,0
0,0,0,0
0,1,0,1
0,1,0,1
0,0,0,0
1,0,0,0
0,1,0,1
1,1,0,1
0,0,0,0
0,0,0,0
1,1,0,1
0,1,0,1
1,0,1,1
0,0,0,0
0,0,0,0
0,1,0,1
1,0,0,0
0,0,0,0
0,0,0,0
0,1,0,1
0,1,0,1
1,0,1,1
0,1,0,1
0,1,0,1
1,0,0,0
0,1,0,1
1,0,0,0
1,0,1,1
0,0,0,0
0,1,0,1
0,0,0,0
0,1,0,1
1,0,0,0
0,1,0,1
0,1,0,1
1,0,0,0
0,0,0,0
0,0,0,0
0,1,0,1
0,1,0,1
0,1,0,1
0,1,0,1
1,1,1,1
0,1,0,1
0,1,0,1
0,1,0,1
1,1,0,1
0,0,0,0
1,0,1,1
1,0,0,0
0,0,0,0
0,0,0,0
0,0,0,0
0,0,0,0
1,1,0,1
0,0,0,0
0,1,0,1
0,0,0,0
1,0,0,0
1,0,0,0
0,0,0,0
0,1,0,1
0,1,0,1
0,1,0,1
0,0,0,0
0,1,0,1
0,1,0,1
1,0,1,1
0,0,0,0
0,1,0,1
0,1,0,1
1,0,0,0
0,1,0,1
0,0,0,0
1,0,0,0
0,1,0,1
0,0,0,0
0,1,0,1
0,0,0,0
0,1,0,1
0,1,0,1
1,0,0,0
0,0,0,0
0,1,0,1
1,1,1,1
0,1,0,1
1,0,0,0
1,0,0,0
1,0,0,0
0,1,0,1
1,1,0,1
0,1,0,1
1,0,1,1
0,1,0,1
0,1,0,1
0,0,0,0
1,0,1,1
0,0,0,0
0,0,0,0
1,0,0,0
1,1,0,1
1,0,0,0
0,1,0,1
0,1,0,1
0,0,0,0
0,1,0,1
0,1,0,1
1,0,1,1
0,0,0,0
0,1,0,1
0,0,0,0
0,1,0,1
0,0,0,0
0,0,0,0
1,0,1,1
0,1,0,1
0,0,0,0
0,0,0,0
1,0,0,0
0,0,0,0
1,0,0,0
0,0,0,0
0,1,0,1
0,0,0,0
0,0,0,0
1,0,1,1
1,0,0,0
0,1,0,1
0,0,0,0
0,1,0,1
0,1,0,1
0,1,0,1
1,0,1,1
0,1,0,1
0,1,0,1
0,0,0,0
0,1,0,1
0,0,0,0
1,0,1,1
0,0,0,0
0,0,0,0
0,0,0,0
1,0,1,1
0,1,0,1
1,0,0,0
1,0,0,0
0,0,0,0
0,0,0,0
0,0,0,0
0,0,0,0
0,1,0,1
0,1,0,1
0,0,0,0
0,0,0,0
1,1,0,1
1,0,0,0
1,1,0,1
0,0,0,0
0,0,0,0
0,1,0,1
0,1,0,1
0,1,0,1
0,0,0,0
0,1,0,1
1,0,1,1
1,0,0,0
0,1,0,1
0,1,0,1
0,0,0,0
1,1,0,1
0,0,0,0
0,0,0,0
0,0,0,0
0,1,0,1
1,1,0,1
1,1,0,1
0,1,0,1
0,1,0,1
1,0,0,0
1,0,0,0
0,1,0,1
0,1,0,1
1,0,1,1
1,0,0,0
1,0,0,0
1,1,1,1
0,1,0,1
0,1,0,1
1,0,0,0
1,0,0,0
1,1,0,1
1,0,0,0
1,0,1,1
1,1,0,1
0,1,0,1
1,1,0,1
0,0,0,0
1,0,0,0
0,1,0,1
0,1,0,1
0,0,0,0
0,1,0,1
1,0,0,0
0,0,0,0
0,1,0,1
0,0,0,0
0,1,0,1
0,0,0,0
1,0,0,0
1,0,0,0
0,0,0,0
1,0,0,0
1,0,0,0
0,0,0,0
1,0,0,0
1,0,1,1
1,0,1,1
0,1,0,1
0,1,0,1
0,0,0,0
0,0,0,0
1,1,1,1
0,1,0,1
0,0,0,0
0,0,0,0
0,0,0,0
0,0,0,0
1,0,0,0
1,1,1,1
1,0,0,0
1,0,0,0
0,0,0,0
0,0,0,0
0,1,0,1
0,0,0,0
1,0,0,0
0,1,0,1
0,0,0,0
0,0,0,0
0,0,0,0
1,0,0,0
1,1,0,1
0,1,0,1
0,0,0,0
0,1,0,1
0,0,0,0
1,0,0,0
0,0,0,0
0,1,0,1
0,1,0,1
1,0,1,1
1,0,0,0
0,1,0,1
1,0,1,1
0,1,0,1
0,1,0,1
1,0,0,0
0,1,0,1
0,1,0,1
0,0,0,0
0,0,0,0
0,1,0,1
1,0,0,0
0,0,0,0
1,0,0,0
0,0,0,0
0,1,0,1
0,1,0,1
0,0,0,0
1,0,0,0
0,0,0,0
0,0,0,0
0,0,0,0
0,1,0,1
0,1,0,1
0,0,0,0
0,0,0,0
0,0,0,0
0,0,0,0
1,1,0,1
0,1,0,1
0,0,0,0
0,0,0,0
0,0,0,0
0,1,0,1
1,0,1,1
1,0,1,1
0,1,0,1
0,0,0,0
0,1,0,1
0,0,0,0
0,0,0,0
0,0,0,0
0,1,0,1
1,0,0,0
0,1,0,1
0,0,0,0
0,1,0,1
0,0,0,0
0,0,0,0
1,1,1,1
0,0,0,0
0,1,0,1
0,1,0,1
0,1,0,1
0,0,0,0
0,0,0,0
0,1,0,1
0,0,0,0
1,0,0,0
1,0,0,0
0,0,0,0
0,0,0,0
0,0,0,0
0,0,0,0
0,0,0,0
0,1,0,1
0,1,0,1
1,0,0,0
0,0,0,0
0,1,0,1
0,0,0,0
0,1,0,1
0,0,0,0
1,0,0,0
0,0,0,0
0,0,0,0
1,1,0,1
0,1,0,1
0,1,0,1
0,1,0,1
0,0,0,0
0,0,0,0
0,0,0,0
0,1,0,1
1,0,0,0
0,1,0,1
0,0,0,0
0,1,0,1
0,1,0,1
0,0,0,0
0,1,0,1
0,1,0,1
0,0,0,0
0,1,0,1
0,0,0,0
0,1,0,1
0,1,0,1
0,1,0,1
0,0,0,0
0,1,0,1
0,1,0,1
0,0,0,0
0,0,0,0
0,0,0,0
1,1,0,1
0,1,0,1
0,1,0,1
1,0,0,0
0,1,0,1
0,1,0,1
1,0,0,0
1,0,1,1
1,0,0,0
1,0,1,1
0,1,0,1
0,0,0,0
0,1,0,1
1,0,1,1
0,1,0,1
0,0,0,0
0,1,0,1
0,0,0,0
1,0,1,1
1,0,0,0
0,1,0,1
0,1,0,1
1,0,1,1
0,1,0,1
1,0,0,0
0,1,0,1
0,1,0,1
0,0,0,0
0,0,0,0
0,1,0,1
1,1,1,1
0,1,0,1
1,1,0,1
1,0,0,0
0,1,0,1
0,0,0,0
0,0,0,0
0,1,0,1
1,1,1,1
0,1,0,1
0,0,0,0
0,0,0,0
0,0,0,0
0,0,0,0
0,1,0,1
0,1,0,1
0,1,0,1
1,0,0,0
1,0,0,0
0,1,0,1
1,0,0,0
0,0,0,0
0,0,0,0
0,0,0,0
0,0,0,0
0,1,0,1
0,0,0,0
0,0,0,0
0,1,0,1
1,0,0,0
0,1,0,1
0,1,0,1
0,1,0,1
0,1,0,1
0,1,0,1
0,0,0,0
0,0,0,0
0,1,0,1
1,0,0,0
0,0,0,0
0,1,0,1
0,0,0,0
0,0,0,0
0,0,0,0
0,1,0,1
1,1,0,1
0,1,0,1
0,0,0,0
0,0,0,0
0,1,0,1
0,1,0,1
1,0,0,0
0,0,0,0
0,1,0,1
0,0,0,0
0,0,0,0
1,1,0,1
0,1,0,1
0,0,0,0
1,0,1,1
0,1,0,1
0,1,0,1
0,1,0,1
0,1,0,1
0,1,0,1
0,0,0,0
0,0,0,0
0,0,0,0
0,1,0,1
0,0,0,0
0,1,0,1
0,0,0,0
0,0,0,0
0,0,0,0
0,0,0,0
0,0,0,0
1,0,0,0
1,0,0,0
0,0,0,0
0,0,0,0
1,1,1,1
0,0,0,0
0,1,0,1
0,1,0,1
1,1,0,1
0,0,0,0
0,1,0,1
1,1,1,1
1,1,1,1
0,1,0,1
1,0,0,0
1,0,0,0
0,1,0,1
0,0,0,0
0,1,0,1
0,0,0,0
0,0,0,0
0,1,0,1
0,0,0,0
1,0,0,0
0,0,0,0
0,0,0,0
0,0,0,0
0,1,0,1
1,1,0,1
0,0,0,0
0,1,0,1
1,0,0,0
0,1,0,1
0,0,0,0
0,1,0,1
0,1,0,1
1,0,0,0
0,1,0,1
0,0,0,0
0,0,0,0
0,0,0,0
0,1,0,1
1,1,0,1
0,0,0,0
1,1,0,1
0,0,0,0
0,1,0,1
0,0,0,0
1,0,0,0
0,1,0,1
0,0,0,0
1,0,0,0
0,1,0,1
0,1,0,1
1,0,0,0
1,0,1,1
0,1,0,1
0,1,0,1
1,0,1,1
0,1,0,1
0,1,0,1
0,1,0,1
0,1,0,1
0,0,0,0
1,0,0,0
1,0,0,0
0,1,0,1
0,0,0,0
1,0,1,1
0,1,0,1
0,1,0,1
1,0,0,0
1,1,0,1
1,0,0,0
0,1,0,1
0,0,0,0
0,0,0,0
0,0,0,0
0,1,0,1
1,0,0,0
0,0,0,0
0,1,0,1
0,1,0,1
0,1,0,1
0,1,0,1
0,1,0,1
1,1,0,1
0,1,0,1
0,0,0,0
0,0,0,0
1,1,1,1
1,0,0,0
0,0,0,0
0,0,0,0
0,0,0,0
1,0,0,0
0,0,0,0
1,0,0,0
0,0,0,0
0,0,0,0
0,0,0,0
1,0,1,1
0,0,0,0
0,0,0,0
0,0,0,0
1,1,1,1
1,1,0,1
0,0,0,0
1,0,1,1
0,0,0,0
0,0,0,0
0,0,0,0
1,0,1,1
0,0,0,0
0,1,0,1
0,0,0,0
0,0,0,0
0,1,0,1
0,1,0,1
0,1,0,1
0,0,0,0
0,0,0,0
0,0,0,0
0,0,0,0
1,0,0,0
1,0,0,0
0,0,0,0
0,1,0,1
0,0,0,0
0,1,0,1
1,0,0,0
1,1,0,1
1,0,0,0
1,1,0,1
0,0,0,0
0,1,0,1
0,1,0,1
1,0,0,0
0,1,0,1
0,0,0,0
0,0,0,0
0,0,0,0
1,1,0,1
1,1,0,1
0,0,0,0
0,0,0,0
0,1,0,1
1,0,1,1
1,0,1,1
0,1,0,1
0,0,0,0
0,1,0,1
1,0,1,1
1,0,1,1
1,1,0,1
0,0,0,0
1,1,0,1
0,1,0,1
0,1,0,1
0,0,0,0
1,1,1,1
1,0,0,0
0,0,0,0
0,1,0,1
0,0,0,0
1,0,1,1
1,0,0,0
0,0,0,0
0,0,0,0
0,1,0,1
1,0,1,1
1,0,0,0
0,0,0,0
0,1,0,1
0,0,0,0
0,0,0,0
0,1,0,1
0,1,0,1
0,0,0,0
0,1,0,1
0,1,0,1
1,0,0,0
0,1,0,1
0,1,0,1
0,1,0,1
0,1,0,1
0,1,0,1
0,0,0,0
0,0,0,0
0,1,0,1
0,1,0,1
0,0,0,0
0,1,0,1
1,0,1,1
0,1,0,1
0,1,0,1
1,0,0,0
0,1,0,1
0,1,0,1
1,0,1,1
0,0,0,0
0,0,0,0
0,0,0,0
0,1,0,1
1,0,0,0
0,0,0,0
0,0,0,0
1,0,0,0
0,0,0,0
0,1,0,1
1,0,0,0
0,1,0,1
0,1,0,1
0,0,0,0
0,0,0,0
1,0,0,0
0,1,0,1
0,1,0,1
0,0,0,0
0,1,0,1
0,1,0,1
0,0,0,0
0,0,0,0
0,1,0,1
0,1,0,1
0,1,0,1
0,0,0,0
0,0,0,0
1,0,0,0
0,1,0,1
1,0,0,0
0,1,0,1
0,0,0,0
1,1,0,1
1,0,0,0
1,0,0,0
0,1,0,1
0,1,0,1
0,1,0,1
0,0,0,0
0,1,0,1
1,0,0,0
1,1,0,1
0,1,0,1
0,0,0,0
0,0,0,0
0,1,0,1
0,1,0,1
0,0,0,0
0,1,0,1
0,0,0,0
0,0,0,0
1,0,0,0
1,0,1,1
0,0,0,0
1,1,0,1
0,1,0,1
0,1,0,1
1,1,0,1
0,0,0,0
0,0,0,0
1,0,0,0
0,0,0,0
1,1,0,1
0,0,0,0
1,0,0,0
0,0,0,0
0,0,0,0
0,0,0,0
1,0,0,0
0,0,0,0
1,0,0,0
0,1,0,1
0,0,0,0
0,1,0,1
0,0,0,0
0,1,0,1
0,1,0,1
0,1,0,1
0,0,0,0
0,1,0,1
0,1,0,1
0,1,0,1
0,1,0,1
0,0,0,0
0,0,0,0
1,0,1,1
1,0,1,1
0,1,0,1
1,0,0,0
0,1,0,1
0,0,0,0
0,0,0,0
0,0,0,0
0,1,0,1
0,1,0,1
0,1,0,1
0,1,0,1
1,0,0,0
0,0,0,0
0,1,0,1
0,0,0,0
0,1,0,1
0,1,0,1
1,0,1,1
0,0,0,0
0,1,0,1
0,0,0,0
0,0,0,0
1,0,1,1
0,0,0,0
0,1,0,1
0,0,0,0
0,1,0,1
0,1,0,1
0,0,0,0
0,1,0,1
1,0,0,0
1,0,0,0
0,1,0,1
1,1,0,1
0,1,0,1
0,0,0,0
1,1,0,1
0,1,0,1
0,1,0,1
0,0,0,0
1,0,1,1
0,1,0,1
0,0,0,0
1,1,0,1
0,0,0,0
1,0,0,0
0,0,0,0
0,0,0,0
1,0,0,0
0,0,0,0
1,0,0,0
0,1,0,1
0,0,0,0
1,0,0,0
1,0,0,0
1,0,0,0
0,0,0,0
0,0,0,0
0,1,0,1
1,0,0,0
1,0,1,1
0,0,0,0
0,1,0,1
0,1,0,1
0,0,0,0
0,0,0,0
0,1,0,1
0,0,0,0
0,1,0,1
0,0,0,0
1,1,1,1
1,0,0,0
1,0,0,0
1,0,1,1
1,0,0,0
0,1,0,1
1,0,0,0
1,0,0,0
0,0,0,0
1,0,0,0
1,0,0,0
0,0,0,0
0,1,0,1
0,1,0,1
1,0,0,0
1,0,0,0
0,0,0,0
0,1,0,1
1,0,1,1
0,1,0,1
0,0,0,0
0,0,0,0
0,0,0,0
0,1,0,1
1,0,0,0
1,0,0,0
0,1,0,1
0,1,0,1
0,0,0,0
1,0,0,0
1,1,0,1
1,0,0,0
0,1,0,1
0,0,0,0
1,0,0,0
0,1,0,1
0,1,0,1
0,1,0,1
0,0,0,0
1,0,1,1
1,0,1,1
0,1,0,1
0,0,0,0
0,0,0,0
0,1,0,1
0,0,0,0
1,0,0,0
0,1,0,1
0,1,0,1
0,1,0,1
0,0,0,0
0,0,0,0
0,0,0,0
0,1,0,1
0,1,0,1
1,1,0,1
0,0,0,0
1,0,0,0
1,0,0,0
1,0,0,0
0,0,0,0
0,0,0,0
1,0,0,0
1,0,0,0
0,1,0,1
1,1,0,1
1,0,1,1
0,0,0,0
0,1,0,1
0,0,0,0
0,0,0,0
0,1,0,1
1,0,0,0
0,1,0,1
1,1,0,1
1,0,1,1
0,1,0,1
0,0,0,0
0,1,0,1
1,0,0,0
1,0,0,0
0,0,0,0
0,1,0,1
0,0,0,0
1,0,0,0
0,1,0,1
0,0,0,0
0,1,0,1
0,1,0,1
0,1,0,1
1,0,0,0
0,0,0,0
0,1,0,1
0,0,0,0
1,1,1,1
0,1,0,1
1,1,0,1
0,1,0,1
1,0,0,0
1,0,1,1
1,0,1,1
0,0,0,0
1,0,0,0
0,0,0,0
0,0,0,0
0,1,0,1
1,1,0,1
0,0,0,0
1,0,0,0
0,0,0,0
1,1,0,1
0,0,0,0
0,1,0,1
0,1,0,1
0,1,0,1
0,1,0,1
1,1,1,1
0,0,0,0
0,1,0,1
0,0,0,0
1,0,0,0
0,1,0,1
0,0,0,0
0,1,0,1
1,1,1,1
0,0,0,0
0,1,0,1
1,1,0,1
0,0,0,0
1,1,0,1
0,0,0,0
0,1,0,1
0,0,0,0
0,1,0,1
0,1,0,1
0,1,0,1
0,0,0,0
0,0,0,0
0,1,0,1
0,0,0,0
0,0,0,0
0,1,0,1
1,1,0,1
0,0,0,0
1,1,1,1
0,0,0,0
0,0,0,0
1,0,0,0
0,1,0,1
1,0,0,0
0,1,0,1
0,1,0,1
0,0,0,0
1,1,0,1
1,1,0,1
1,0,0,0
0,0,0,0
0,0,0,0
0,1,0,1
1,0,0,0
0,0,0,0
0,1,0,1
0,1,0,1
0,0,0,0
0,0,0,0
0,1,0,1
1,0,0,0
0,1,0,1
0,0,0,0
1,0,0,0
0,1,0,1
0,1,0,1
1,0,1,1
0,1,0,1
0,1,0,1
0,0,0,0
0,1,0,1
0,0,0,0
0,0,0,0
0,1,0,1
0,0,0,0
1,0,0,0
1,0,0,0
0,0,0,0
0,1,0,1
1,0,1,1
0,0,0,0
1,1,0,1
0,1,0,1
0,0,0,0
0,0,0,0
1,0,0,0
0,0,0,0
0,0,0,0
0,0,0,0
0,1,0,1
0,1,0,1
0,1,0,1
0,1,0,1
1,0,0,0
0,1,0,1
0,1,0,1
0,1,0,1
1,0,0,0
1,0,1,1
0,0,0,0
1,0,0,0
0,0,0,0
0,0,0,0
0,0,0,0
0,0,0,0
0,1,0,1
1,0,0,0
1,1,0,1
0,1,0,1
0,1,0,1
0,0,0,0
0,1,0,1
0,1,0,1
0,1,0,1
0,0,0,0
0,1,0,1
0,1,0,1
0,1,0,1
1,0,0,0
0,0,0,0
0,1,0,1
0,0,0,0
0,0,0,0
1,0,1,1
0,0,0,0
1,0,1,1
0,1,0,1
1,1,0,1
0,0,0,0
0,0,0,0
1,0,0,0
0,0,0,0
0,1,0,1
0,1,0,1
0,0,0,0
0,1,0,1
0,0,0,0
0,1,0,1
1,0,0,0
0,0,0,0
0,0,0,0
0,0,0,0
0,0,0,0
0,1,0,1
0,0,0,0
0,0,0,0
0,0,0,0
1,1,1,1
0,0,0,0
0,1,0,1
0,0,0,0
0,0,0,0
0,0,0,0
1,1,0,1
0,1,0,1
0,1,0,1
0,1,0,1
1,0,1,1
0,0,0,0
0,1,0,1
0,0,0,0
0,0,0,0
1,0,0,0
1,0,0,0
1,0,0,0
0,0,0,0
0,0,0,0
0,0,0,0
0,1,0,1
1,0,0,0
1,0,1,1
0,1,0,1
0,1,0,1
0,0,0,0
1,1,0,1
0,1,0,1
0,0,0,0
0,0,0,0
1,0,1,1
0,1,0,1
0,1,0,1
0,1,0,1
0,1,0,1
0,1,0,1
0,0,0,0
1,1,1,1
0,1,0,1
0,1,0,1
0,1,0,1
0,1,0,1
0,1,0,1
0,0,0,0
0,1,0,1
1,1,0,1
0,0,0,0
0,1,0,1
0,0,0,0
0,1,0,1
0,1,0,1
0,0,0,0
1,0,1,1
0,0,0,0
0,1,0,1
0,1,0,1
0,1,0,1
0,0,0,0
0,0,0,0
0,0,0,0
1,1,0,1
0,1,0,1
0,0,0,0
1,1,0,1
0,0,0,0
0,1,0,1
0,0,0,0
0,0,0,0
0,1,0,1
0,1,0,1
0,0,0,0
1,0,0,0
0,0,0,0
0,1,0,1
1,0,0,0
0,0,0,0
0,0,0,0
1,1,0,1
0,1,0,1
0,0,0,0
0,1,0,1
0,0,0,0
0,1,0,1
1,1,1,1
0,1,0,1
0,0,0,0
0,0,0,0
1,0,1,1
0,0,0,0
0,1,0,1
1,0,0,0
0,0,0,0
0,0,0,0
0,1,0,1
0,1,0,1
0,0,0,0
0,1,0,1
0,1,0,1
0,1,0,1
0,1,0,1
1,0,1,1
0,1,0,1
0,1,0,1
0,0,0,0
0,0,0,0
0,1,0,1
0,1,0,1
1,0,1,1
0,1,0,1
0,1,0,1
1,0,0,0
0,0,0,0
1,0,0,0
0,0,0,0
0,1,0,1
0,1,0,1
0,0,0,0
0,1,0,1
0,1,0,1
1,0,0,0
1,0,0,0
0,1,0,1
0,1,0,1
0,1,0,1
0,1,0,1
0,1,0,1
0,1,0,1
0,1,0,1
0,0,0,0
0,1,0,1
0,1,0,1
0,1,0,1
0,0,0,0
0,1,0,1
0,0,0,0
0,1,0,1
0,0,0,0
0,0,0,0
0,0,0,0
1,0,0,0
0,1,0,1
0,0,0,0
0,1,0,1
0,1,0,1
1,0,1,1
0,0,0,0
0,0,0,0
0,1,0,1
0,0,0,0
0,1,0,1
0,0,0,0
0,1,0,1
0,1,0,1
0,0,0,0
1,0,0,0
0,0,0,0
0,0,0,0
0,0,0,0
1,0,0,0
0,0,0,0
0,1,0,1
0,0,0,0
0,1,0,1
1,0,1,1
0,0,0,0
1,0,1,1
0,1,0,1
0,1,0,1
0,0,0,0
0,1,0,1
0,1,0,1
0,0,0,0
0,1,0,1
0,0,0,0
0,0,0,0
0,1,0,1
1,1,1,1
0,0,0,0
1,0,0,0
0,0,0,0
1,0,0,0
0,0,0,0
0,1,0,1
0,1,0,1
0,1,0,1
0,0,0,0
1,0,1,1
0,1,0,1
0,1,0,1
0,0,0,0
0,1,0,1
0,1,0,1
0,0,0,0
0,1,0,1
0,1,0,1
0,1,0,1
0,1,0,1
1,0,0,0
0,1,0,1
0,0,0,0
0,0,0,0
0,0,0,0
0,0,0,0
0,1,0,1
0,1,0,1
0,1,0,1
1,1,0,1
0,0,0,0
1,1,0,1
0,0,0,0
0,1,0,1
0,1,0,1
0,1,0,1
0,0,0,0
0,0,0,0
0,0,0,0
1,0,1,1
0,0,0,0
0,1,0,1
1,0,0,0
0,1,0,1
0,0,0,0
0,1,0,1
1,0,0,0
1,0,0,0
0,1,0,1
0,0,0,0
1,0,0,0
0,1,0,1
0,0,0,0
0,1,0,1
0,1,0,1
0,0,0,0
1,1,0,1
1,0,0,0
1,0,1,1
0,0,0,0
0,1,0,1
0,0,0,0
0,0,0,0
0,1,0,1
0,0,0,0
0,1,0,1
1,0,0,0
0,0,0,0
0,1,0,1
1,0,1,1
0,1,0,1
1,0,0,0
1,0,1,1
0,0,0,0
0,0,0,0
0,0,0,0
0,1,0,1
1,0,0,0
0,0,0,0
0,0,0,0
1,0,0,0
0,1,0,1
0,0,0,0
0,0,0,0
0,0,0,0
1,0,0,0
1,0,0,0
0,0,0,0
0,1,0,1
0,1,0,1
0,1,0,1
0,1,0,1
0,1,0,1
0,1,0,1
1,0,0,0
1,1,0,1
0,1,0,1
0,1,0,1
1,0,0,0
0,1,0,1
1,0,1,1
1,0,0,0
1,0,0,0
0,1,0,1
1,0,0,0
0,1,0,1
0,1,0,1
1,0,1,1
1,1,1,1
0,1,0,1
0,1,0,1
0,0,0,0
1,1,0,1
0,0,0,0
1,0,1,1
1,0,0,0
0,1,0,1
0,1,0,1
1,0,1,1
0,0,0,0
1,0,0,0
1,1,1,1
0,0,0,0
0,1,0,1
0,0,0,0
0,0,0,0
1,0,0,0
0,1,0,1
0,1,0,1
0,1,0,1
0,0,0,0
1,0,0,0
0,0,0,0
0,0,0,0
0,1,0,1
0,1,0,1
0,0,0,0
0,0,0,0
1,1,0,1
0,1,0,1
0,1,0,1
0,1,0,1
0,1,0,1
0,0,0,0
1,0,1,1
0,0,0,0
0,0,0,0
1,0,0,0
0,0,0,0
0,0,0,0
0,1,0,1
0,0,0,0
1,1,1,1
0,1,0,1
0,1,0,1
0,0,0,0
0,1,0,1
0,1,0,1
1,0,0,0
0,1,0,1
1,0,1,1
0,1,0,1
0,1,0,1
0,1,0,1
0,1,0,1
1,0,1,1
0,1,0,1
0,1,0,1
0,1,0,1
0,1,0,1
0,0,0,0
0,0,0,0
1,1,0,1
1,0,0,0
0,1,0,1
0,1,0,1
0,1,0,1
0,1,0,1
0,1,0,1
0,1,0,1
0,0,0,0
0,0,0,0
0,1,0,1
0,1,0,1
1,0,1,1
1,0,0,0
0,1,0,1
0,0,0,0
1,0,0,0
0,1,0,1
0,0,0,0
0,0,0,0
0,1,0,1
0,0,0,0
0,1,0,1
1,0,0,0
0,1,0,1
0,0,0,0
0,1,0,1
0,0,0,0
1,0,0,0
0,0,0,0
0,1,0,1
1,1,0,1
0,1,0,1
0,1,0,1
0,0,0,0
0,1,0,1
1,0,0,0
0,0,0,0
0,0,0,0
0,1,0,1
0,1,0,1
0,0,0,0
0,0,0,0
0,0,0,0
0,1,0,1
0,0,0,0
0,0,0,0
0,1,0,1
0,1,0,1
0,0,0,0
0,0,0,0
1,1,0,1
1,1,0,1
1,0,0,0
0,0,0,0
0,0,0,0
0,1,0,1
0,0,0,0
0,1,0,1
0,1,0,1
0,0,0,0
0,1,0,1
0,1,0,1
0,0,0,0
0,0,0,0
0,1,0,1
1,1,0,1
0,0,0,0
0,0,0,0
1,0,0,0
0,1,0,1
0,1,0,1
0,1,0,1
1,0,0,0
0,0,0,0
1,0,1,1
0,0,0,0
0,1,0,1
0,1,0,1
0,1,0,1
1,0,1,1
0,1,0,1
0,1,0,1
0,0,0,0
0,0,0,0
0,0,0,0
1,0,0,0
0,0,0,0
0,1,0,1
0,0,0,0
1,1,0,1
1,1,0,1
0,1,0,1
0,1,0,1
1,0,0,0
0,0,0,0
0,0,0,0
1,0,1,1
0,0,0,0
1,0,0,0
1,0,1,1
1,1,0,1
0,0,0,0
0,0,0,0
1,1,0,1
1,1,0,1
1,0,0,0
1,0,0,0
1,0,0,0
0,0,0,0
0,0,0,0
0,0,0,0
0,1,0,1
0,1,0,1
0,0,0,0
0,0,0,0
1,0,0,0
0,1,0,1
0,0,0,0
0,1,0,1
0,0,0,0
0,1,0,1
0,1,0,1
0,1,0,1
1,1,1,1
1,0,0,0
0,0,0,0
0,0,0,0
0,1,0,1
0,1,0,1
1,0,1,1
0,0,0,0
0,0,0,0
0,0,0,0
0,1,0,1
0,1,0,1
0,0,0,0
0,0,0,0
1,0,1,1
0,0,0,0
0,1,0,1
0,0,0,0
0,0,0,0
1,0,0,0
1,1,1,1
1,0,0,0
0,1,0,1
0,0,0,0
0,0,0,0
0,0,0,0
0,0,0,0
0,1,0,1
0,0,0,0
0,1,0,1
0,0,0,0
0,1,0,1
0,0,0,0
0,1,0,1
0,0,0,0
0,1,0,1
0,1,0,1
0,1,0,1
0,0,0,0
1,0,1,1
0,1,0,1
0,1,0,1
0,1,0,1
0,1,0,1
1,0,1,1
0,1,0,1
0,1,0,1
0,0,0,0
0,0,0,0
0,0,0,0
0,0,0,0
0,0,0,0
0,1,0,1
0,1,0,1
0,0,0,0
0,0,0,0
0,0,0,0
0,1,0,1
0,1,0,1
0,0,0,0
1,0,0,0
0,1,0,1
1,1,0,1
0,0,0,0
0,0,0,0
1,1,1,1
0,0,0,0
1,0,0,0
1,0,0,0
0,0,0,0
1,0,1,1
0,0,0,0
0,0,0,0
1,0,0,0
0,1,0,1
0,1,0,1
1,0,0,0
0,1,0,1
1,1,1,1
0,0,0,0
0,1,0,1
0,1,0,1
0,0,0,0
0,1,0,1
0,0,0,0
1,1,0,1
1,0,0,0
0,1,0,1
0,1,0,1
1,0,0,0
1,0,0,0
1,1,0,1
0,1,0,1
0,0,0,0
1,0,0,0
1,1,0,1
1,0,1,1
0,1,0,1
0,0,0,0
0,0,0,0
0,0,0,0
0,1,0,1
0,1,0,1
1,1,0,1
1,1,0,1
0,0,0,0
0,0,0,0
0,1,0,1
0,0,0,0
1,0,1,1
0,0,0,0
0,1,0,1
1,0,1,1
1,0,0,0
0,1,0,1
0,1,0,1
0,1,0,1
1,0,1,1
0,0,0,0
0,1,0,1
0,1,0,1
0,1,0,1
0,1,0,1
0,1,0,1
1,1,0,1
0,0,0,0
0,0,0,0
0,0,0,0
0,0,0,0
0,1,0,1
0,0,0,0
0,1,0,1
0,0,0,0
0,1,0,1
0,0,0,0
0,0,0,0
0,1,0,1
1,0,0,0
0,1,0,1
0,0,0,0
1,0,0,0
0,1,0,1
0,0,0,0
0,0,0,0
0,1,0,1
0,0,0,0
0,0,0,0
0,1,0,1
1,0,0,0
0,0,0,0
0,1,0,1
0,0,0,0
1,0,0,0
1,1,0,1
1,0,0,0
0,1,0,1
0,0,0,0
0,0,0,0
1,0,0,0
0,0,0,0
0,0,0,0
1,0,0,0
0,0,0,0
1,0,0,0
1,1,0,1
1,1,0,1
0,1,0,1
0,0,0,0
0,1,0,1
0,0,0,0
0,0,0,0
0,1,0,1
0,0,0,0
0,0,0,0
0,1,0,1
0,1,0,1
0,0,0,0
0,0,0,0
0,0,0,0
0,1,0,1
0,0,0,0
0,0,0,0
0,0,0,0
0,1,0,1
0,1,0,1
0,0,0,0
0,0,0,0
0,1,0,1
0,0,0,0
0,0,0,0
0,0,0,0
0,0,0,0
0,0,0,0
0,1,0,1
1,0,1,1
1,1,0,1
0,1,0,1
1,1,0,1
0,1,0,1
0,0,0,0
0,0,0,0
0,1,0,1
1,0,0,0
0,1,0,1
1,0,0,0
0,1,0,1
0,1,0,1
0,1,0,1
0,1,0,1
1,1,0,1
1,1,0,1
0,0,0,0
1,0,0,0
0,0,0,0
0,1,0,1
0,0,0,0
0,1,0,1
1,0,0,0
0,1,0,1
0,1,0,1
0,0,0,0
1,0,0,0
0,0,0,0
0,1,0,1
0,0,0,0
0,0,0,0
0,0,0,0
0,1,0,1
0,0,0,0
0,1,0,1
0,0,0,0
0,1,0,1
0,0,0,0
1,0,0,0
0,1,0,1
0,1,0,1
0,1,0,1
0,0,0,0
0,0,0,0
0,0,0,0
0,0,0,0
0,1,0,1
0,1,0,1
1,0,0,0
0,0,0,0
1,0,0,0
0,1,0,1
0,1,0,1
0,1,0,1
0,0,0,0
0,1,0,1
1,0,0,0
0,1,0,1
0,0,0,0
0,1,0,1
0,0,0,0
0,0,0,0
0,1,0,1
0,1,0,1
0,0,0,0
0,1,0,1
0,0,0,0
0,1,0,1
0,1,0,1
0,1,0,1
0,0,0,0
0,1,0,1
1,0,0,0
1,0,0,0
0,0,0,0
0,0,0,0
1,1,0,1
0,0,0,0
0,1,0,1
0,0,0,0
0,0,0,0
0,0,0,0
0,1,0,1
0,1,0,1
0,0,0,0
0,1,0,1
0,1,0,1
1,1,0,1
1,1,0,1
0,0,0,0
0,0,0,0
0,1,0,1
1,1,1,1
1,1,0,1
0,0,0,0
0,0,0,0
0,1,0,1
0,0,0,0
1,0,0,0
0,1,0,1
0,0,0,0
0,1,0,1
0,0,0,0
1,0,0,0
0,0,0,0
0,1,0,1
0,0,0,0
1,0,0,0
0,1,0,1
0,1,0,1
1,1,0,1
0,1,0,1
0,0,0,0
1,0,0,0
0,0,0,0
1,0,0,0
0,0,0,0
1,1,0,1
0,1,0,1
0,1,0,1
0,0,0,0
0,0,0,0
0,1,0,1
0,0,0,0
0,0,0,0
0,0,0,0
0,1,0,1
0,0,0,0
1,0,0,0
0,1,0,1
1,1,0,1
0,1,0,1
0,0,0,0
0,1,0,1
0,1,0,1
0,0,0,0
0,1,0,1
1,1,1,1
0,1,0,1
1,0,0,0
0,0,0,0
0,1,0,1
0,0,0,0
1,0,0,0
0,0,0,0
0,1,0,1
0,1,0,1
1,0,0,0
0,0,0,0
1,0,0,0
1,1,0,1
0,1,0,1
0,1,0,1
0,1,0,1
1,0,1,1
1,0,0,0
0,1,0,1
1,0,0,0
0,0,0,0
1,0,0,0
0,1,0,1
0,1,0,1
1,0,0,0
0,0,0,0
0,1,0,1
0,0,0,0
0,0,0,0
0,0,0,0
0,0,0,0
0,0,0,0
1,0,0,0
0,1,0,1
0,0,0,0
0,0,0,0
0,1,0,1
0,1,0,1
0,1,0,1
1,0,0,0
1,0,0,0
0,1,0,1
0,1,0,1
0,0,0,0
0,0,0,0
1,0,0,0
0,0,0,0
0,1,0,1
1,0,0,0
0,1,0,1
1,0,1,1
1,0,0,0
0,1,0,1
0,1,0,1
0,1,0,1
1,1,1,1
0,1,0,1
1,1,0,1
0,0,0,0
0,0,0,0
1,0,0,0
0,0,0,0
0,1,0,1
1,1,0,1
0,1,0,1
0,1,0,1
1,0,0,0
1,1,0,1
0,0,0,0
1,0,0,0
0,0,0,0
1,0,1,1
0,0,0,0
1,0,0,0
0,1,0,1
0,0,0,0
0,1,0,1
0,1,0,1
0,1,0,1
0,1,0,1
1,0,0,0
0,1,0,1
0,1,0,1
0,1,0,1
0,1,0,1
1,0,0,0
0,1,0,1
0,0,0,0
0,1,0,1
0,1,0,1
0,1,0,1
0,1,0,1
1,0,1,1
0,1,0,1
0,1,0,1
0,0,0,0
1,1,0,1
0,1,0,1
0,1,0,1
1,0,1,1
1,0,0,0
0,0,0,0
1,1,0,1
1,0,1,1
0,0,0,0
0,1,0,1
0,1,0,1
0,0,0,0
0,0,0,0
0,1,0,1
0,1,0,1
0,1,0,1
0,0,0,0
0,0,0,0
0,0,0,0
0,0,0,0
1,0,0,0
0,0,0,0
0,1,0,1
0,1,0,1
0,0,0,0
0,1,0,1
1,0,0,0
0,0,0,0
1,1,0,1
0,0,0,0
0,1,0,1
0,0,0,0
0,0,0,0
0,1,0,1
0,1,0,1
0,0,0,0
0,0,0,0
0,1,0,1
0,0,0,0
0,0,0,0
0,0,0,0
0,1,0,1
0,0,0,0
0,0,0,0
0,1,0,1
0,1,0,1
0,1,0,1
1,1,0,1
0,1,0,1
1,0,0,0
0,1,0,1
0,1,0,1
1,0,1,1
0,1,0,1
0,1,0,1
1,0,0,0
0,0,0,0
0,0,0,0
0,0,0,0
0,1,0,1
0,1,0,1
1,0,0,0
0,1,0,1
1,1,0,1
0,0,0,0
0,0,0,0
0,0,0,0
1,0,1,1
1,1,0,1
1,0,0,0
0,0,0,0
0,1,0,1
0,0,0,0
0,1,0,1
0,0,0,0
0,0,0,0
0,0,0,0
0,1,0,1
0,0,0,0
1,0,1,1
0,1,0,1
0,1,0,1
1,1,1,1
0,1,0,1
0,0,0,0
0,0,0,0
0,1,0,1
1,0,0,0
0,1,0,1
0,1,0,1
0,1,0,1
0,0,0,0
0,0,0,0
0,1,0,1
0,1,0,1
1,0,0,0
0,0,0,0
0,0,0,0
0,0,0,0
1,0,0,0
0,1,0,1
1,0,0,0
0,0,0,0
0,1,0,1
0,0,0,0
0,0,0,0
1,0,0,0
1,0,0,0
0,0,0,0
0,1,0,1
0,0,0,0
0,1,0,1
0,1,0,1
1,1,0,1
1,0,0,0
0,0,0,0
0,0,0,0
0,1,0,1
1,1,1,1
0,0,0,0
1,0,0,0
0,0,0,0
0,1,0,1
0,1,0,1
0,1,0,1
0,0,0,0
0,1,0,1
0,0,0,0
0,1,0,1
1,0,0,0
1,1,0,1
0,0,0,0
0,1,0,1
0,0,0,0
0,0,0,0
0,0,0,0
1,0,0,0
1,0,0,0
0,0,0,0
0,1,0,1
0,0,0,0
1,1,0,1
0,1,0,1
1,0,1,1
1,0,0,0
1,0,0,0
1,0,0,0
0,0,0,0
0,1,0,1
0,1,0,1
0,0,0,0
0,0,0,0
0,1,0,1
0,0,0,0
0,0,0,0
0,1,0,1
0,1,0,1
1,0,0,0
1,0,0,0
1,0,0,0
0,1,0,1
0,0,0,0
1,1,0,1
0,0,0,0
0,1,0,1
1,0,0,0
1,0,0,0
1,0,0,0
0,0,0,0
1,0,1,1
0,0,0,0
1,0,1,1
0,0,0,0
1,0,0,0
1,0,0,0
0,0,0,0
0,1,0,1
0,0,0,0
0,0,0,0
0,1,0,1
0,1,0,1
0,0,0,0
0,1,0,1
1,0,1,1
0,0,0,0
0,1,0,1
0,0,0,0
0,1,0,1
1,1,1,1
0,0,0,0
0,1,0,1
0,1,0,1
0,1,0,1
0,0,0,0
0,1,0,1
0,0,0,0
0,1,0,1
1,0,1,1
1,0,0,0
0,1,0,1
0,0,0,0
0,1,0,1
0,1,0,1
0,1,0,1
0,0,0,0
1,1,1,1
0,1,0,1
0,0,0,0
1,0,1,1
1,0,0,0
0,1,0,1
0,1,0,1
0,1,0,1
0,0,0,0
1,0,0,0
0,0,0,0
0,1,0,1
0,1,0,1
1,0,0,0
1,0,0,0
0,1,0,1
0,0,0,0
0,0,0,0
0,1,0,1
0,0,0,0
0,1,0,1
0,0,0,0
0,0,0,0
1,1,0,1
0,0,0,0
0,0,0,0
0,0,0,0
1,0,1,1
0,1,0,1
0,0,0,0
0,0,0,0
0,0,0,0
0,0,0,0
0,0,0,0
1,0,0,0
1,0,0,0
1,0,1,1
0,0,0,0
0,1,0,1
1,1,0,1
0,1,0,1
0,0,0,0
0,1,0,1
1,1,1,1
0,1,0,1
0,1,0,1
0,0,0,0
0,0,0,0
1,1,0,1
0,1,0,1
0,1,0,1
0,1,0,1
1,0,0,0
0,0,0,0
1,0,1,1
1,1,1,1
0,1,0,1
0,1,0,1
0,1,0,1
0,0,0,0
0,1,0,1
0,0,0,0
1,0,0,0
0,0,0,0
0,1,0,1
0,0,0,0
0,0,0,0
0,1,0,1
1,0,0,0
0,1,0,1
0,1,0,1
0,1,0,1
1,1,0,1
0,1,0,1
0,1,0,1
0,1,0,1
1,0,0,0
1,0,1,1
0,1,0,1
0,1,0,1
0,1,0,1
1,0,0,0
1,0,0,0
0,1,0,1
1,0,0,0
0,0,0,0
1,1,0,1
0,0,0,0
0,1,0,1
0,0,0,0
0,1,0,1
0,0,0,0
0,1,0,1
0,1,0,1
0,1,0,1
0,1,0,1
0,1,0,1
0,1,0,1
0,1,0,1
0,1,0,1
0,1,0,1
1,0,0,0
1,0,0,0
1,0,1,1
0,0,0,0
0,0,0,0
1,0,0,0
0,0,0,0
0,1,0,1
1,0,1,1
0,1,0,1
0,1,0,1
0,0,0,0
0,0,0,0
0,1,0,1
0,0,0,0
1,0,1,1
0,0,0,0
0,1,0,1
1,0,0,0
1,0,1,1
1,0,0,0
0,1,0,1
0,1,0,1
0,1,0,1
0,0,0,0
0,1,0,1
0,1,0,1
1,0,0,0
0,1,0,1
0,0,0,0
1,0,1,1
0,0,0,0
0,0,0,0
0,1,0,1
0,1,0,1
1,0,0,0
0,1,0,1
1,0,0,0
0,1,0,1
0,1,0,1
0,1,0,1
0,1,0,1
0,0,0,0
0,0,0,0
1,0,1,1
0,0,0,0
1,0,0,0
1,0,0,0
0,0,0,0
0,1,0,1
0,0,0,0
1,0,0,0
0,1,0,1
0,1,0,1
0,0,0,0
0,1,0,1
0,1,0,1
1,0,0,0
0,0,0,0
1,1,0,1
0,1,0,1
1,0,0,0
0,0,0,0
0,0,0,0
0,1,0,1
0,1,0,1
0,1,0,1
0,0,0,0
1,0,0,0
1,1,1,1
0,0,0,0
1,0,0,0
0,0,0,0
0,1,0,1
0,1,0,1
0,0,0,0
0,1,0,1
0,1,0,1
0,0,0,0
0,0,0,0
0,1,0,1
1,1,0,1
1,0,1,1
0,1,0,1
0,0,0,0
0,0,0,0
0,0,0,0
0,1,0,1
1,0,0,0
0,1,0,1
0,0,0,0
0,0,0,0
0,1,0,1
0,1,0,1
0,1,0,1
0,0,0,0
1,0,0,0
1,0,0,0
0,1,0,1
1,0,0,0
1,1,0,1
0,1,0,1
0,1,0,1
0,0,0,0
0,1,0,1
0,1,0,1
0,0,0,0
0,0,0,0
0,1,0,1
0,1,0,1
0,1,0,1
1,0,0,0
0,0,0,0
0,0,0,0
0,1,0,1
0,0,0,0
0,0,0,0
0,1,0,1
1,0,0,0
0,1,0,1
0,1,0,1
0,0,0,0
1,0,0,0
1,0,1,1
0,1,0,1
1,0,1,1
0,0,0,0
0,0,0,0
0,0,0,0
1,0,0,0
0,0,0,0
0,0,0,0
0,0,0,0
0,0,0,0
0,1,0,1
0,0,0,0
0,0,0,0
0,1,0,1
1,0,0,0
1,0,0,0
1,0,0,0
0,1,0,1
1,1,0,1
1,1,0,1
0,1,0,1
0,1,0,1
1,0,0,0
0,0,0,0
0,1,0,1
0,0,0,0
0,1,0,1
0,0,0,0
0,1,0,1
0,1,0,1
0,0,0,0
0,0,0,0
0,1,0,1
1,0,0,0
1,0,0,0
0,0,0,0
1,0,0,0
0,1,0,1
0,0,0,0
0,1,0,1
1,0,0,0
1,0,0,0
1,1,1,1
1,0,0,0
0,0,0,0
0,0,0,0
0,1,0,1
0,1,0,1
1,1,0,1
0,0,0,0
0,1,0,1
0,1,0,1
0,0,0,0
1,1,0,1
0,0,0,0
0,1,0,1
0,1,0,1
1,0,0,0
0,1,0,1
0,0,0,0
0,1,0,1
0,0,0,0
0,0,0,0
0,1,0,1
0,0,0,0
1,0,0,0
0,0,0,0
0,1,0,1
0,0,0,0
0,1,0,1
0,0,0,0
1,1,0,1
0,0,0,0
1,0,0,0
1,0,1,1
0,0,0,0
0,1,0,1
0,1,0,1
0,0,0,0
0,0,0,0
1,1,1,1
0,1,0,1
0,1,0,1
0,0,0,0
0,0,0,0
0,0,0,0
1,1,0,1
0,0,0,0
1,0,0,0
0,1,0,1
0,0,0,0
0,1,0,1
0,0,0,0
1,1,0,1
0,0,0,0
1,0,0,0
0,0,0,0
0,0,0,0
0,1,0,1
0,1,0,1
0,0,0,0
0,1,0,1
0,0,0,0
0,0,0,0
0,1,0,1
0,1,0,1
0,1,0,1
0,1,0,1
0,1,0,1
1,0,1,1
1,0,0,0
0,0,0,0
1,0,0,0
0,0,0,0
0,1,0,1
0,0,0,0
0,0,0,0
0,1,0,1
1,0,0,0
0,1,0,1
0,1,0,1
1,1,0,1
1,0,0,0
0,1,0,1
0,1,0,1
0,0,0,0
0,1,0,1
0,1,0,1
0,0,0,0
0,0,0,0
0,1,0,1
0,1,0,1
0,0,0,0
0,1,0,1
0,0,0,0
0,1,0,1
0,1,0,1
0,0,0,0
0,1,0,1
0,1,0,1
0,1,0,1
0,0,0,0
0,1,0,1
0,0,0,0
0,0,0,0
0,0,0,0
0,0,0,0
0,0,0,0
1,0,0,0
0,1,0,1
0,0,0,0
0,0,0,0
1,1,0,1
0,0,0,0
1,0,0,0
0,1,0,1
0,1,0,1
0,0,0,0
1,0,0,0
0,1,0,1
0,0,0,0
1,0,0,0
0,0,0,0
0,0,0,0
0,0,0,0
0,0,0,0
0,0,0,0
0,0,0,0
1,0,0,0
1,0,1,1
0,0,0,0
0,1,0,1
0,1,0,1
0,1,0,1
0,1,0,1
0,1,0,1
0,0,0,0
1,0,1,1
0,0,0,0
0,1,0,1
1,0,0,0
0,1,0,1
0,1,0,1
0,0,0,0
1,0,0,0
0,0,0,0
0,0,0,0
0,0,0,0
1,0,0,0
0,0,0,0
0,0,0,0
1,0,1,1
0,1,0,1
0,0,0,0
0,1,0,1
0,0,0,0
0,0,0,0
0,0,0,0
0,1,0,1
0,0,0,0
0,1,0,1
1,0,0,0
0,0,0,0
0,1,0,1
1,0,0,0
0,1,0,1
0,1,0,1
0,0,0,0
0,0,0,0
0,1,0,1
0,1,0,1
0,1,0,1
0,1,0,1
1,0,0,0
1,0,0,0
0,0,0,0
0,1,0,1
1,0,0,0
0,1,0,1
0,1,0,1
0,0,0,0
1,1,1,1
0,1,0,1
0,0,0,0
0,0,0,0
0,1,0,1
0,0,0,0
0,1,0,1
1,0,0,0
0,1,0,1
0,0,0,0
0,1,0,1
1,1,1,1
0,1,0,1
0,1,0,1
0,0,0,0
0,1,0,1
0,1,0,1
1,0,1,1
1,0,0,0
0,1,0,1
0,1,0,1
0,0,0,0
0,1,0,1
0,1,0,1
1,0,0,0
0,0,0,0
0,1,0,1
0,0,0,0
1,0,1,1
1,0,0,0
1,0,0,0
0,0,0,0
0,1,0,1
1,1,0,1
1,0,0,0
1,0,1,1
1,1,1,1
1,0,0,0
1,0,0,0
0,0,0,0
1,0,1,1
0,1,0,1
0,0,0,0
0,1,0,1
0,0,0,0
0,0,0,0
0,0,0,0
1,0,0,0
0,1,0,1
0,0,0,0
0,1,0,1
0,1,0,1
0,0,0,0
0,0,0,0
0,0,0,0
0,0,0,0
0,0,0,0
0,1,0,1
0,0,0,0
1,0,0,0
0,0,0,0
0,1,0,1
0,0,0,0
1,0,0,0
1,1,0,1
0,0,0,0
0,0,0,0
0,0,0,0
0,0,0,0
0,1,0,1
0,1,0,1
0,0,0,0
0,0,0,0
0,1,0,1
1,0,0,0
0,0,0,0
0,0,0,0
0,1,0,1
0,1,0,1
0,1,0,1
0,0,0,0
0,1,0,1
0,1,0,1
1,1,0,1
1,1,0,1
0,0,0,0
0,0,0,0
1,0,1,1
0,0,0,0
0,1,0,1
0,1,0,1
1,0,0,0
1,1,0,1
0,1,0,1
0,1,0,1
0,1,0,1
0,1,0,1
0,0,0,0
0,0,0,0
0,1,0,1
0,1,0,1
0,1,0,1
0,1,0,1
0,0,0,0
0,1,0,1
0,1,0,1
0,1,0,1
0,0,0,0
0,0,0,0
0,0,0,0
1,0,0,0
0,0,0,0
0,1,0,1
0,1,0,1
0,1,0,1
1,0,0,0
0,1,0,1
0,0,0,0
0,1,0,1
1,1,0,1
0,0,0,0
0,0,0,0
0,0,0,0
0,0,0,0
0,0,0,0
0,1,0,1
0,0,0,0
0,0,0,0
0,1,0,1
0,1,0,1
0,1,0,1
1,0,0,0
1,0,0,0
1,0,1,1
0,1,0,1
0,1,0,1
0,1,0,1
0,1,0,1
1,0,0,0
0,0,0,0
0,1,0,1
1,1,0,1
0,0,0,0
0,0,0,0
0,1,0,1
0,0,0,0
0,1,0,1
0,0,0,0
0,1,0,1
0,0,0,0
0,0,0,0
1,0,1,1
0,1,0,1
0,0,0,0
0,0,0,0
1,0,0,0
0,1,0,1
0,0,0,0
1,0,0,0
0,1,0,1
0,1,0,1
0,1,0,1
0,0,0,0
1,0,0,0
1,1,0,1
0,1,0,1
0,1,0,1
0,1,0,1
0,0,0,0
0,1,0,1
0,0,0,0
0,1,0,1
0,1,0,1
0,1,0,1
0,0,0,0
1,1,0,1
0,1,0,1
1,0,1,1
0,1,0,1
0,0,0,0
0,0,0,0
0,1,0,1
0,0,0,0
0,0,0,0
0,0,0,0
0,0,0,0
0,1,0,1
0,1,0,1
0,0,0,0
0,0,0,0
0,1,0,1
1,1,1,1
0,0,0,0
0,1,0,1
0,0,0,0
1,0,0,0
1,1,0,1
1,0,0,0
0,1,0,1
0,1,0,1
1,1,0,1
0,0,0,0
0,0,0,0
0,1,0,1
0,0,0,0
0,0,0,0
0,0,0,0
0,0,0,0
1,0,1,1
0,0,0,0
0,0,0,0
0,0,0,0
0,1,0,1
0,0,0,0
0,0,0,0
0,1,0,1
0,0,0,0
0,0,0,0
0,0,0,0
0,0,0,0
1,0,1,1
0,1,0,1
0,0,0,0
0,0,0,0
0,1,0,1
0,1,0,1
0,0,0,0
1,0,0,0
0,0,0,0
0,0,0,0
0,1,0,1
1,0,0,0
0,0,0,0
1,1,0,1
1,1,0,1
0,0,0,0
0,0,0,0
0,0,0,0
0,0,0,0
0,0,0,0
0,1,0,1
0,1,0,1
0,1,0,1
0,0,0,0
0,1,0,1
0,0,0,0
1,0,1,1
0,0,0,0
0,1,0,1
0,1,0,1
1,0,0,0
0,1,0,1
0,0,0,0
1,0,0,0
1,0,0,0
0,0,0,0
1,1,1,1
0,1,0,1
0,1,0,1
0,1,0,1
0,0,0,0
0,0,0,0
0,0,0,0
0,1,0,1
1,0,0,0
0,0,0,0
1,1,0,1
0,0,0,0
0,0,0,0
0,1,0,1
0,1,0,1
0,0,0,0
1,0,0,0
0,0,0,0
1,0,0,0
1,0,0,0
1,0,0,0
0,0,0,0
1,0,0,0
0,1,0,1
1,0,1,1
0,0,0,0
1,0,0,0
0,1,0,1
0,1,0,1
1,0,0,0
0,1,0,1
0,0,0,0
1,0,0,0
1,0,0,0
0,0,0,0
0,1,0,1
0,1,0,1
0,1,0,1
0,1,0,1
0,0,0,0
1,1,0,1
0,0,0,0
0,0,0,0
0,0,0,0
1,1,0,1
0,1,0,1
1,0,0,0
0,0,0,0
0,0,0,0
1,0,0,0
0,0,0,0
0,0,0,0
0,1,0,1
0,1,0,1
0,1,0,1
0,0,0,0
0,1,0,1
0,1,0,1
0,0,0,0
0,1,0,1
0,1,0,1
1,0,0,0
0,0,0,0
1,0,0,0
0,0,0,0
1,0,0,0
0,0,0,0
1,0,0,0
1,0,0,0
1,0,0,0
1,0,0,0
0,1,0,1
1,1,0,1
0,1,0,1
0,0,0,0
0,0,0,0
0,1,0,1
0,0,0,0
0,1,0,1
1,0,1,1
0,1,0,1
0,0,0,0
0,0,0,0
1,0,0,0
0,0,0,0
0,0,0,0
0,0,0,0
0,0,0,0
0,1,0,1
0,1,0,1
0,0,0,0
0,1,0,1
1,0,0,0
0,0,0,0
0,0,0,0
0,0,0,0
1,0,1,1
0,0,0,0
0,1,0,1
0,0,0,0
0,0,0,0
0,1,0,1
0,1,0,1
0,1,0,1
0,0,0,0
0,1,0,1
0,0,0,0
0,0,0,0
0,1,0,1
0,0,0,0
0,1,0,1
0,0,0,0
1,1,0,1
0,0,0,0
0,0,0,0
1,0,1,1
0,0,0,0
1,1,0,1
0,0,0,0
0,0,0,0
0,0,0,0
0,0,0,0
0,1,0,1
0,0,0,0
1,0,1,1
0,0,0,0
0,1,0,1
0,0,0,0
0,0,0,0
0,0,0,0
0,1,0,1
1,1,0,1
0,0,0,0
1,0,0,0
0,0,0,0
0,0,0,0
0,1,0,1
0,1,0,1
0,1,0,1
0,0,0,0
0,0,0,0
0,1,0,1
0,0,0,0
1,0,0,0
0,1,0,1
0,1,0,1
1,0,1,1
0,1,0,1
0,1,0,1
0,0,0,0
1,1,0,1
0,1,0,1
0,0,0,0
0,1,0,1
0,0,0,0
1,1,0,1
0,0,0,0
0,1,0,1
1,1,0,1
0,0,0,0
0,0,0,0
0,1,0,1
0,0,0,0
1,0,0,0
1,0,0,0
0,1,0,1
0,1,0,1
0,0,0,0
0,0,0,0
0,1,0,1
0,0,0,0
0,1,0,1
1,0,0,0
0,0,0,0
0,0,0,0
0,1,0,1
1,0,0,0
0,1,0,1
0,0,0,0
0,0,0,0
1,0,0,0
1,0,0,0
0,1,0,1
0,0,0,0
0,1,0,1
0,0,0,0
0,1,0,1
1,0,1,1
0,0,0,0
0,0,0,0
0,1,0,1
0,0,0,0
0,0,0,0
1,0,0,0
0,1,0,1
0,0,0,0
0,1,0,1
0,1,0,1
1,0,0,0
0,0,0,0
1,0,0,0
0,0,0,0
0,1,0,1
0,1,0,1
0,0,0,0
1,0,0,0
0,0,0,0
1,0,0,0
0,0,0,0
0,0,0,0
0,1,0,1
0,1,0,1
1,0,0,0
0,0,0,0
0,1,0,1
0,0,0,0
0,1,0,1
0,0,0,0
1,0,1,1
0,1,0,1
0,1,0,1
0,1,0,1
0,0,0,0
1,1,0,1
0,0,0,0
0,0,0,0
0,0,0,0
0,0,0,0
1,0,0,0
0,1,0,1
0,0,0,0
1,0,0,0
1,0,0,0
0,0,0,0
0,0,0,0
0,1,0,1
1,0,0,0
0,1,0,1
0,1,0,1
0,0,0,0
0,0,0,0
0,1,0,1
0,0,0,0
0,0,0,0
0,0,0,0
0,1,0,1
0,0,0,0
0,0,0,0
0,0,0,0
0,0,0,0
1,1,0,1
0,1,0,1
0,1,0,1
0,1,0,1
0,0,0,0
1,0,0,0
0,0,0,0
1,0,0,0
1,0,0,0
1,0,1,1
1,0,0,0
1,0,1,1
0,1,0,1
0,0,0,0
1,0,1,1
0,0,0,0
0,1,0,1
0,0,0,0
1,0,1,1
0,1,0,1
0,0,0,0
0,0,0,0
0,0,0,0
0,0,0,0
0,1,0,1
1,0,0,0
0,1,0,1
0,0,0,0
0,1,0,1
0,0,0,0
0,1,0,1
0,1,0,1
0,1,0,1
0,1,0,1
1,0,1,1
0,0,0,0
0,1,0,1
1,0,0,0
0,0,0,0
1,0,0,0
1,0,0,0
1,1,0,1
0,1,0,1
0,1,0,1
0,1,0,1
0,0,0,0
0,1,0,1
1,0,0,0
0,0,0,0
0,0,0,0
1,0,0,0
0,1,0,1
0,0,0,0
1,0,0,0
0,0,0,0
0,0,0,0
0,0,0,0
0,0,0,0
1,0,1,1
0,1,0,1
0,1,0,1
0,0,0,0
0,1,0,1
0,0,0,0
0,0,0,0
0,1,0,1
1,0,0,0
1,0,0,0
1,0,0,0
0,0,0,0
1,1,1,1
0,1,0,1
0,0,0,0
0,1,0,1
0,1,0,1
0,0,0,0
0,1,0,1
0,1,0,1
0,0,0,0
0,0,0,0
1,0,0,0
1,0,1,1
0,0,0,0
0,0,0,0
0,1,0,1
0,0,0,0
0,1,0,1
1,0,0,0
0,1,0,1
1,0,0,0
0,1,0,1
0,0,0,0
0,1,0,1
1,0,1,1
0,0,0,0
0,1,0,1
0,1,0,1
1,0,0,0
1,1,0,1
1,1,1,1
1,0,0,0
1,0,0,0
0,0,0,0
0,1,0,1
0,0,0,0
0,1,0,1
0,0,0,0
1,0,1,1
0,0,0,0
0,0,0,0
0,1,0,1
0,0,0,0
0,0,0,0
1,0,0,0
0,0,0,0
0,1,0,1
0,0,0,0
1,0,0,0
0,0,0,0
0,0,0,0
0,0,0,0
0,1,0,1
0,0,0,0
1,1,0,1
0,0,0,0
0,1,0,1
0,1,0,1
0,1,0,1
0,1,0,1
1,0,0,0
0,1,0,1
0,0,0,0
1,0,0,0
0,1,0,1
0,0,0,0
0,0,0,0
0,0,0,0
0,1,0,1
0,0,0,0
1,0,0,0
0,1,0,1
0,0,0,0
0,0,0,0
0,0,0,0
0,0,0,0
0,1,0,1
1,0,0,0
0,0,0,0
0,0,0,0
0,1,0,1
0,1,0,1
0,1,0,1
0,0,0,0
0,0,0,0
1,0,0,0
0,1,0,1
0,1,0,1
0,0,0,0
1,1,0,1
0,1,0,1
1,0,0,0
0,1,0,1
0,0,0,0
0,1,0,1
1,0,1,1
0,0,0,0
1,1,1,1
0,0,0,0
1,0,0,0
0,0,0,0
0,0,0,0
0,0,0,0
1,1,0,1
0,0,0,0
1,1,1,1
0,1,0,1
0,0,0,0
1,1,0,1
0,1,0,1
0,0,0,0
0,1,0,1
0,0,0,0
1,0,0,0
0,1,0,1
1,0,0,0
0,0,0,0
0,0,0,0
0,0,0,0
0,0,0,0
0,0,0,0
0,1,0,1
1,0,0,0
1,1,0,1
0,1,0,1
0,0,0,0
0,1,0,1
1,1,0,1
0,1,0,1
1,0,1,1
0,1,0,1
0,0,0,0
0,1,0,1
0,0,0,0
1,0,0,0
0,0,0,0
0,1,0,1
0,0,0,0
0,1,0,1
1,1,0,1
0,0,0,0
0,1,0,1
0,0,0,0
0,0,0,0
1,0,0,0
0,1,0,1
0,0,0,0
0,0,0,0
0,0,0,0
0,0,0,0
0,0,0,0
0,1,0,1
1,0,1,1
1,0,0,0
0,1,0,1
0,0,0,0
1,0,0,0
0,1,0,1
0,1,0,1
1,0,0,0
0,0,0,0
0,1,0,1
0,0,0,0
0,0,0,0
0,1,0,1
0,0,0,0
1,1,1,1
1,0,0,0
0,0,0,0
0,0,0,0
0,1,0,1
0,1,0,1
0,0,0,0
0,0,0,0
1,0,0,0
0,0,0,0
0,0,0,0
1,0,1,1
0,0,0,0
0,0,0,0
0,1,0,1
0,0,0,0
1,1,0,1
1,0,0,0
0,1,0,1
1,0,1,1
0,0,0,0
0,0,0,0
0,0,0,0
0,0,0,0
1,1,0,1
0,0,0,0
1,0,1,1
1,0,0,0
1,0,0,0
0,0,0,0
1,0,1,1
0,1,0,1
1,0,0,0
0,1,0,1
1,1,1,1
0,0,0,0
1,1,0,1
0,1,0,1
1,0,1,1
0,1,0,1
1,0,1,1
0,0,0,0
0,1,0,1
0,1,0,1
0,1,0,1
0,0,0,0
0,0,0,0
0,1,0,1
0,1,0,1
0,0,0,0
0,1,0,1
1,0,0,0
0,0,0,0
1,1,0,1
1,0,0,0
0,0,0,0
0,1,0,1
0,0,0,0
0,0,0,0
0,1,0,1
0,1,0,1
0,1,0,1
0,0,0,0
0,0,0,0
0,0,0,0
0,0,0,0
0,0,0,0
1,0,0,0
1,0,0,0
0,1,0,1
0,0,0,0
0,1,0,1
1,1,0,1
0,0,0,0
1,0,0,0
1,0,0,0
1,0,0,0
1,0,0,0
0,0,0,0
0,0,0,0
1,0,0,0
0,0,0,0
1,1,1,1
1,0,0,0
0,0,0,0
0,1,0,1
0,0,0,0
1,0,0,0
0,0,0,0
1,0,0,0
0,1,0,1
1,0,0,0
1,1,0,1
0,1,0,1
0,0,0,0
0,0,0,0
1,1,1,1
1,1,0,1
0,0,0,0
0,1,0,1
0,1,0,1
0,1,0,1
1,1,1,1
0,0,0,0
0,0,0,0
0,0,0,0
0,0,0,0
0,0,0,0
1,1,1,1
0,0,0,0
0,1,0,1
1,0,0,0
1,1,0,1
0,1,0,1
0,1,0,1
0,1,0,1
0,0,0,0
0,1,0,1
0,1,0,1
0,1,0,1
0,1,0,1
1,0,0,0
1,0,1,1
0,1,0,1
0,0,0,0
0,1,0,1
0,1,0,1
1,1,1,1
0,0,0,0
1,0,0,0
0,1,0,1
0,1,0,1
0,0,0,0
1,0,0,0
0,0,0,0
1,0,0,0
0,0,0,0
0,0,0,0
0,0,0,0
0,1,0,1
1,0,0,0
0,0,0,0
1,1,0,1
0,0,0,0
0,0,0,0
0,0,0,0
0,0,0,0
0,1,0,1
0,1,0,1
0,0,0,0
1,0,0,0
0,1,0,1
0,1,0,1
1,0,0,0
0,0,0,0
0,0,0,0
0,0,0,0
0,0,0,0
0,0,0,0
0,1,0,1
0,0,0,0
0,0,0,0
0,0,0,0
0,0,0,0
0,0,0,0
1,1,0,1
0,0,0,0
0,1,0,1
1,0,0,0
0,0,0,0
0,0,0,0
0,1,0,1
0,1,0,1
0,0,0,0
0,1,0,1
0,1,0,1
0,0,0,0
0,0,0,0
0,1,0,1
1,0,1,1
0,1,0,1
1,0,0,0
0,1,0,1
1,0,0,0
0,1,0,1
1,0,1,1
0,1,0,1
0,1,0,1
0,1,0,1
0,0,0,0
0,0,0,0
0,1,0,1
1,0,1,1
1,1,1,1
0,1,0,1
0,1,0,1
1,0,0,0
1,1,1,1
0,0,0,0
0,1,0,1
1,0,0,0
1,1,0,1
0,0,0,0
0,1,0,1
0,1,0,1
0,1,0,1
0,1,0,1
0,0,0,0
0,0,0,0
0,1,0,1
0,0,0,0
0,1,0,1
0,0,0,0
0,0,0,0
1,0,0,0
0,0,0,0
0,0,0,0
0,0,0,0
1,0,0,0
0,1,0,1
0,1,0,1
1,0,0,0
1,1,0,1
1,0,1,1
0,0,0,0
1,0,0,0
0,1,0,1
0,1,0,1
0,1,0,1
0,1,0,1
0,0,0,0
0,0,0,0
1,0,0,0
0,0,0,0
0,0,0,0
0,0,0,0
0,0,0,0
0,1,0,1
1,0,0,0
0,0,0,0
0,0,0,0
0,1,0,1
0,1,0,1
0,0,0,0
0,0,0,0
1,0,0,0
0,0,0,0
0,0,0,0
0,0,0,0
0,1,0,1
0,1,0,1
0,1,0,1
0,1,0,1
1,0,0,0
1,0,0,0
0,0,0,0
0,1,0,1
0,1,0,1
0,0,0,0
0,0,0,0
0,0,0,0
1,0,1,1
1,0,1,1
0,1,0,1
1,0,0,0
0,1,0,1
1,0,0,0
0,1,0,1
1,0,1,1
0,0,0,0
0,0,0,0
1,0,0,0
0,1,0,1
1,0,0,0
0,1,0,1
0,1,0,1
0,0,0,0
0,0,0,0
0,1,0,1
0,1,0,1
0,0,0,0
0,1,0,1
0,0,0,0
0,1,0,1
0,1,0,1
0,0,0,0
0,0,0,0
0,0,0,0
0,0,0,0
0,1,0,1
0,1,0,1
1,1,0,1
0,0,0,0
0,1,0,1
0,1,0,1
1,0,0,0
0,0,0,0
0,0,0,0
1,0,0,0
0,1,0,1
1,0,0,0
0,1,0,1
0,0,0,0
0,0,0,0
0,1,0,1
0,1,0,1
1,1,0,1
0,1,0,1
1,0,0,0
0,1,0,1
0,1,0,1
0,0,0,0
1,0,0,0
0,1,0,1
1,0,0,0
0,1,0,1
0,0,0,0
0,0,0,0
1,1,0,1
0,1,0,1
0,1,0,1
0,0,0,0
1,1,0,1
0,0,0,0
1,1,0,1
1,0,0,0
0,0,0,0
0,1,0,1
0,0,0,0
0,1,0,1
0,0,0,0
0,0,0,0
0,0,0,0
0,1,0,1
0,0,0,0
0,0,0,0
0,1,0,1
1,0,0,0
0,1,0,1
1,0,0,0
0,0,0,0
0,1,0,1
1,0,0,0
0,0,0,0
0,1,0,1
0,1,0,1
0,1,0,1
0,0,0,0
0,1,0,1
0,1,0,1
0,1,0,1
1,0,0,0
0,0,0,0
0,1,0,1
0,0,0,0
0,1,0,1
0,0,0,0
0,0,0,0
0,0,0,0
0,0,0,0
1,0,0,0
0,1,0,1
0,1,0,1
0,1,0,1
1,0,0,0
1,0,0,0
0,1,0,1
0,1,0,1
0,0,0,0
0,0,0,0
0,1,0,1
0,1,0,1
0,0,0,0
0,1,0,1
0,0,0,0
0,1,0,1
0,1,0,1
1,0,0,0
1,1,0,1
0,0,0,0
0,1,0,1
0,0,0,0
0,1,0,1
0,1,0,1
1,0,1,1
0,1,0,1
0,0,0,0
0,0,0,0
0,0,0,0
0,0,0,0
0,1,0,1
0,0,0,0
0,0,0,0
0,1,0,1
0,0,0,0
1,1,1,1
1,1,0,1
0,0,0,0
0,1,0,1
1,1,0,1
0,1,0,1
1,1,0,1
0,1,0,1
0,1,0,1
0,1,0,1
0,0,0,0
0,0,0,0
0,0,0,0
0,0,0,0
0,1,0,1
0,0,0,0
0,0,0,0
0,0,0,0
1,0,0,0
1,1,0,1
0,0,0,0
0,1,0,1
0,1,0,1
0,0,0,0
0,0,0,0
0,0,0,0
0,0,0,0
0,1,0,1
0,1,0,1
1,0,1,1
0,0,0,0
0,1,0,1
0,1,0,1
0,1,0,1
0,0,0,0
0,0,0,0
0,0,0,0
0,1,0,1
0,0,0,0
0,1,0,1
0,0,0,0
0,1,0,1
0,1,0,1
1,1,1,1
0,1,0,1
0,0,0,0
1,0,0,0
0,0,0,0
0,1,0,1
0,1,0,1
0,1,0,1
0,1,0,1
0,1,0,1
1,0,0,0
1,1,1,1
0,0,0,0
0,1,0,1
0,0,0,0
0,0,0,0
0,0,0,0
0,1,0,1
1,1,0,1
0,0,0,0
0,0,0,0
1,1,0,1
0,1,0,1
0,1,0,1
0,0,0,0
0,0,0,0
0,1,0,1
1,0,0,0
1,1,1,1
1,1,1,1
0,1,0,1
0,1,0,1
0,0,0,0
0,0,0,0
0,0,0,0
0,1,0,1
0,1,0,1
0,1,0,1
0,0,0,0
1,0,0,0
0,0,0,0
1,1,0,1
0,1,0,1
0,0,0,0
0,0,0,0
0,0,0,0
0,0,0,0
0,0,0,0
1,0,0,0
1,0,0,0
0,0,0,0
0,0,0,0
0,1,0,1
1,1,0,1
1,0,0,0
1,0,0,0
0,1,0,1
0,1,0,1
0,1,0,1
1,0,1,1
0,0,0,0
0,0,0,0
0,0,0,0
0,1,0,1
0,0,0,0
0,1,0,1
1,1,0,1
0,0,0,0
0,0,0,0
1,0,1,1
0,0,0,0
0,0,0,0
0,1,0,1
0,0,0,0
1,1,1,1
1,0,0,0
0,1,0,1
0,1,0,1
1,0,0,0
1,1,0,1
1,0,0,0
0,0,0,0
0,0,0,0
0,1,0,1
0,1,0,1
1,0,0,0
0,1,0,1
0,1,0,1
0,0,0,0
0,0,0,0
1,0,0,0
0,1,0,1
0,0,0,0
0,1,0,1
0,1,0,1
0,1,0,1
0,0,0,0
0,1,0,1
1,0,1,1
0,0,0,0
0,1,0,1
1,1,0,1
1,0,0,0
1,0,1,1
0,1,0,1
0,1,0,1
1,0,0,0
1,0,0,0
0,1,0,1
0,1,0,1
0,1,0,1
1,0,0,0
0,1,0,1
0,0,0,0
0,1,0,1
0,1,0,1
0,1,0,1
0,0,0,0
0,0,0,0
1,0,0,0
0,0,0,0
0,1,0,1
0,1,0,1
1,0,1,1
0,0,0,0
0,1,0,1
0,0,0,0
0,1,0,1
0,0,0,0
0,1,0,1
0,0,0,0
0,0,0,0
1,0,0,0
1,0,0,0
0,0,0,0
1,1,0,1
1,0,1,1
0,1,0,1
1,0,0,0
0,0,0,0
1,0,0,0
0,1,0,1
0,0,0,0
1,0,1,1
1,0,0,0
1,1,0,1
0,1,0,1
0,0,0,0
0,0,0,0
0,0,0,0
0,0,0,0
0,0,0,0
0,0,0,0
0,1,0,1
1,1,1,1
0,1,0,1
0,1,0,1
0,1,0,1
1,0,0,0
0,0,0,0
1,0,0,0
0,0,0,0
0,0,0,0
0,1,0,1
0,0,0,0
0,0,0,0
0,1,0,1
1,0,0,0
0,0,0,0
0,0,0,0
0,1,0,1
0,0,0,0
1,1,1,1
0,0,0,0
0,0,0,0
0,0,0,0
1,1,0,1
0,1,0,1
0,1,0,1
1,1,0,1
1,0,0,0
0,0,0,0
1,0,1,1
0,1,0,1
1,0,1,1
0,0,0,0
0,0,0,0
0,0,0,0
0,1,0,1
0,1,0,1
0,0,0,0
0,0,0,0
0,1,0,1
0,1,0,1
0,0,0,0
1,1,0,1
1,0,0,0
0,0,0,0
0,1,0,1
0,1,0,1
0,1,0,1
0,0,0,0
0,1,0,1
1,0,0,0
0,0,0,0
1,0,0,0
0,1,0,1
0,1,0,1
1,0,0,0
0,1,0,1
0,1,0,1
0,1,0,1
0,1,0,1
0,0,0,0
0,0,0,0
1,0,0,0
1,0,0,0
0,1,0,1
0,0,0,0
1,0,0,0
0,0,0,0
0,0,0,0
1,1,0,1
0,1,0,1
1,0,0,0
1,1,1,1
0,0,0,0
0,0,0,0
0,1,0,1
0,0,0,0
0,1,0,1
1,1,0,1
0,0,0,0
1,0,1,1
0,1,0,1
1,0,0,0
0,1,0,1
0,0,0,0
1,0,0,0
0,1,0,1
0,1,0,1
0,1,0,1
0,1,0,1
1,0,0,0
1,0,0,0
0,1,0,1
0,0,0,0
1,0,0,0
0,0,0,0
0,1,0,1
1,1,0,1
0,0,0,0
0,1,0,1
0,1,0,1
0,0,0,0
1,1,1,1
0,1,0,1
0,0,0,0
0,1,0,1
0,0,0,0
1,0,0,0
0,1,0,1
1,0,0,0
0,1,0,1
0,1,0,1
0,0,0,0
1,1,0,1
0,0,0,0
0,1,0,1
0,0,0,0
0,0,0,0
0,0,0,0
0,0,0,0
0,1,0,1
0,0,0,0
1,1,0,1
0,1,0,1
0,1,0,1
0,0,0,0
0,1,0,1
0,1,0,1
1,0,0,0
1,0,0,0
0,0,0,0
1,0,0,0
0,0,0,0
0,1,0,1
0,0,0,0
0,0,0,0
1,0,0,0
0,1,0,1
0,0,0,0
0,0,0,0
0,1,0,1
1,0,0,0
0,0,0,0
0,0,0,0
0,1,0,1
0,0,0,0
1,0,0,0
0,0,0,0
1,1,0,1
0,0,0,0
0,1,0,1
1,0,1,1
0,0,0,0
0,0,0,0
0,0,0,0
0,1,0,1
0,0,0,0
0,1,0,1
0,1,0,1
0,1,0,1
0,0,0,0
0,1,0,1
1,0,0,0
0,1,0,1
0,0,0,0
1,0,0,0
0,0,0,0
0,0,0,0
0,0,0,0
0,0,0,0
1,0,1,1
1,0,1,1
0,0,0,0
1,0,0,0
0,0,0,0
0,1,0,1
1,0,0,0
0,0,0,0
0,1,0,1
0,1,0,1
0,0,0,0
0,1,0,1
0,1,0,1
0,1,0,1
1,0,0,0
1,0,0,0
0,0,0,0
1,0,0,0
1,0,0,0
0,1,0,1
0,1,0,1
1,0,0,0
1,0,0,0
1,0,1,1
0,1,0,1
1,1,0,1
0,0,0,0
0,0,0,0
0,1,0,1
1,0,0,0
0,0,0,0
0,1,0,1
0,0,0,0
0,1,0,1
0,0,0,0
0,1,0,1
0,1,0,1
0,1,0,1
1,1,1,1
1,0,0,0
0,0,0,0
1,0,0,0
0,1,0,1
0,0,0,0
0,1,0,1
0,0,0,0
0,0,0,0
1,0,0,0
0,0,0,0
0,1,0,1
1,0,0,0
0,1,0,1
0,0,0,0
1,0,0,0
1,1,0,1
0,0,0,0
0,0,0,0
1,0,0,0
0,1,0,1
0,0,0,0
0,1,0,1
1,0,0,0
0,1,0,1
0,0,0,0
1,1,0,1
1,0,0,0
0,1,0,1
0,1,0,1
0,0,0,0
1,0,0,0
1,0,0,0
0,1,0,1
0,0,0,0
0,1,0,1
0,0,0,0
1,0,0,0
0,1,0,1
1,1,0,1
0,1,0,1
1,0,1,1
0,1,0,1
1,0,0,0
1,0,1,1
0,0,0,0
0,1,0,1
0,0,0,0
0,1,0,1
1,1,0,1
1,0,0,0
0,1,0,1
0,0,0,0
1,0,0,0
0,1,0,1
0,1,0,1
0,1,0,1
1,0,0,0
1,0,0,0
0,1,0,1
0,1,0,1
0,0,0,0
0,1,0,1
0,1,0,1
1,0,1,1
0,1,0,1
0,0,0,0
1,0,0,0
0,1,0,1
0,0,0,0
1,0,0,0
0,0,0,0
1,1,1,1
1,1,0,1
0,0,0,0
0,0,0,0
0,1,0,1
0,0,0,0
0,1,0,1
0,0,0,0
1,1,1,1
0,1,0,1
0,1,0,1
0,0,0,0
0,1,0,1
1,0,1,1
0,1,0,1
0,1,0,1
0,0,0,0
0,1,0,1
0,1,0,1
1,0,0,0
1,1,0,1
0,1,0,1
1,0,0,0
1,0,0,0
1,1,0,1
0,1,0,1
0,1,0,1
1,0,0,0
0,0,0,0
0,0,0,0
0,0,0,0
0,0,0,0
1,0,0,0
1,1,0,1
0,0,0,0
0,0,0,0
1,0,1,1
0,0,0,0
0,1,0,1
1,1,0,1
0,0,0,0
0,1,0,1
0,0,0,0
0,0,0,0
1,1,0,1
1,0,1,1
0,1,0,1
1,0,0,0
1,1,0,1
0,1,0,1
0,1,0,1
1,0,0,0
1,0,1,1
1,0,1,1
0,0,0,0
1,0,0,0
0,1,0,1
0,1,0,1
0,0,0,0
0,1,0,1
0,1,0,1
1,0,0,0
0,1,0,1
0,0,0,0
0,0,0,0
0,0,0,0
0,0,0,0
1,0,1,1
1,1,0,1
0,1,0,1
1,0,0,0
1,0,0,0
0,1,0,1
0,1,0,1
1,1,0,1
0,0,0,0
1,0,1,1
0,1,0,1
1,1,0,1
0,0,0,0
0,1,0,1
0,0,0,0
0,0,0,0
0,0,0,0
0,1,0,1
0,1,0,1
0,0,0,0
1,0,1,1
0,0,0,0
0,1,0,1
0,1,0,1
0,1,0,1
0,1,0,1
1,0,0,0
1,0,0,0
1,0,0,0
0,0,0,0
0,1,0,1
0,1,0,1
1,0,0,0
0,0,0,0
0,1,0,1
1,0,0,0
0,1,0,1
0,1,0,1
0,0,0,0
0,0,0,0
0,1,0,1
0,0,0,0
1,0,0,0
0,1,0,1
1,1,0,1
0,1,0,1
0,0,0,0
0,1,0,1
0,1,0,1
0,0,0,0
0,0,0,0
0,0,0,0
0,1,0,1
0,0,0,0
0,1,0,1
0,1,0,1
0,0,0,0
1,0,1,1
0,0,0,0
1,0,0,0
0,0,0,0
0,0,0,0
0,1,0,1
0,0,0,0
0,0,0,0
0,0,0,0
0,0,0,0
0,1,0,1
0,1,0,1
1,0,0,0
0,0,0,0
1,0,0,0
0,1,0,1
0,0,0,0
0,0,0,0
0,0,0,0
1,1,0,1
0,1,0,1
1,0,0,0
0,1,0,1
0,0,0,0
0,0,0,0
0,0,0,0
0,1,0,1
0,1,0,1
0,1,0,1
0,0,0,0
0,0,0,0
1,0,1,1
0,0,0,0
0,1,0,1
1,0,1,1
0,1,0,1
0,0,0,0
0,0,0,0
0,0,0,0
0,0,0,0
0,0,0,0
0,1,0,1
0,0,0,0
1,1,0,1
0,0,0,0
0,0,0,0
0,0,0,0
0,0,0,0
1,1,0,1
0,1,0,1
0,0,0,0
0,1,0,1
0,0,0,0
0,1,0,1
1,0,1,1
0,0,0,0
1,0,1,1
0,1,0,1
0,0,0,0
0,1,0,1
1,0,1,1
0,1,0,1
0,1,0,1
0,0,0,0
0,0,0,0
0,0,0,0
0,1,0,1
0,0,0,0
1,0,1,1
1,0,0,0
0,1,0,1
0,1,0,1
0,0,0,0
1,1,0,1
1,0,0,0
0,0,0,0
0,0,0,0
0,1,0,1
0,1,0,1
0,0,0,0
0,1,0,1
0,0,0,0
0,1,0,1
1,0,1,1
0,0,0,0
1,0,1,1
1,0,0,0
0,0,0,0
1,0,0,0
0,1,0,1
1,0,0,0
0,0,0,0
0,1,0,1
0,0,0,0
0,1,0,1
1,0,0,0
0,1,0,1
0,0,0,0
0,1,0,1
0,1,0,1
1,0,0,0
0,0,0,0
1,0,0,0
1,0,0,0
1,0,0,0
1,1,0,1
1,0,0,0
0,1,0,1
0,1,0,1
0,0,0,0
0,0,0,0
0,0,0,0
0,0,0,0
1,0,0,0
0,0,0,0
0,0,0,0
0,1,0,1
0,0,0,0
0,1,0,1
0,0,0,0
1,1,0,1
0,0,0,0
0,0,0,0
0,1,0,1
0,0,0,0
0,0,0,0
0,0,0,0
0,0,0,0
0,0,0,0
1,1,1,1
0,0,0,0
1,0,0,0
0,1,0,1
0,1,0,1
0,0,0,0
0,0,0,0
0,1,0,1
0,1,0,1
0,1,0,1
0,0,0,0
0,0,0,0
0,0,0,0
0,1,0,1
0,1,0,1
1,0,1,1
0,1,0,1
0,1,0,1
0,1,0,1
0,1,0,1
0,0,0,0
1,0,0,0
0,0,0,0
0,1,0,1
0,1,0,1
0,1,0,1
1,0,0,0
1,1,0,1
1,0,0,0
1,0,0,0
1,0,0,0
0,0,0,0
0,0,0,0
0,0,0,0
0,1,0,1
0,1,0,1
1,1,0,1
0,1,0,1
0,1,0,1
1,1,0,1
0,1,0,1
0,1,0,1
0,1,0,1
1,0,0,0
0,1,0,1
0,1,0,1
1,0,0,0
0,0,0,0
0,1,0,1
0,0,0,0
1,0,0,0
0,1,0,1
1,1,0,1
0,1,0,1
0,1,0,1
0,0,0,0
0,0,0,0
1,0,0,0
0,1,0,1
0,1,0,1
0,0,0,0
1,0,1,1
0,0,0,0
0,1,0,1
0,0,0,0
0,0,0,0
0,0,0,0
0,1,0,1
0,1,0,1
0,1,0,1
0,1,0,1
0,0,0,0
0,1,0,1
0,1,0,1
0,1,0,1
0,1,0,1
0,0,0,0
0,1,0,1
0,0,0,0
0,0,0,0
1,0,1,1
0,0,0,0
1,0,0,0
1,0,0,0
1,0,1,1
1,1,1,1
0,0,0,0
0,0,0,0
0,1,0,1
0,0,0,0
1,0,0,0
1,0,0,0
0,0,0,0
1,0,0,0
0,1,0,1
0,0,0,0
0,0,0,0
1,0,0,0
0,0,0,0
0,0,0,0
0,1,0,1
0,0,0,0
0,0,0,0
0,0,0,0
0,1,0,1
1,0,0,0
0,1,0,1
0,0,0,0
0,0,0,0
1,1,0,1
0,0,0,0
0,1,0,1
0,1,0,1
1,0,0,0
0,0,0,0
0,1,0,1
0,0,0,0
0,0,0,0
1,0,1,1
0,0,0,0
0,1,0,1
0,0,0,0
0,1,0,1
1,0,0,0
0,0,0,0
1,0,0,0
1,0,0,0
0,0,0,0
1,0,0,0
0,1,0,1
0,1,0,1
0,0,0,0
0,1,0,1
0,1,0,1
0,1,0,1
0,0,0,0
0,0,0,0
0,0,0,0
0,0,0,0
0,0,0,0
1,0,0,0
0,0,0,0
0,0,0,0
0,1,0,1
0,1,0,1
0,0,0,0
0,0,0,0
0,1,0,1
0,1,0,1
0,0,0,0
0,0,0,0
0,1,0,1
0,0,0,0
0,1,0,1
0,0,0,0
0,0,0,0
0,1,0,1
0,0,0,0
0,1,0,1
0,1,0,1
0,0,0,0
1,0,1,1
0,0,0,0
1,1,0,1
0,0,0,0
1,0,0,0
0,1,0,1
0,0,0,0
1,0,0,0
1,1,0,1
0,0,0,0
0,0,0,0
0,1,0,1
0,0,0,0
0,1,0,1
1,1,0,1
1,0,0,0
1,1,0,1
0,0,0,0
0,1,0,1
0,1,0,1
0,1,0,1
1,0,0,0
0,0,0,0
1,1,1,1
0,0,0,0
0,1,0,1
1,0,0,0
1,1,0,1
0,0,0,0
0,0,0,0
0,1,0,1
1,1,0,1
0,1,0,1
0,1,0,1
1,0,0,0
0,1,0,1
0,0,0,0
1,1,0,1
0,0,0,0
0,1,0,1
1,0,1,1
0,0,0,0
0,0,0,0
0,0,0,0
0,1,0,1
0,1,0,1
0,1,0,1
0,0,0,0
0,1,0,1
1,0,0,0
1,0,0,0
1,1,0,1
0,1,0,1
0,0,0,0
0,0,0,0
0,1,0,1
0,1,0,1
1,0,0,0
0,1,0,1
1,0,0,0
0,1,0,1
0,1,0,1
0,1,0,1
0,0,0,0
0,0,0,0
1,0,0,0
0,0,0,0
0,1,0,1
0,0,0,0
1,0,0,0
0,1,0,1
1,0,0,0
1,0,0,0
0,0,0,0
0,0,0,0
0,0,0,0
0,0,0,0
1,0,0,0
0,1,0,1
0,1,0,1
1,0,0,0
0,1,0,1
0,0,0,0
1,0,0,0
0,0,0,0
0,0,0,0
0,1,0,1
0,1,0,1
1,1,1,1
0,1,0,1
0,0,0,0
0,0,0,0
0,1,0,1
1,0,1,1
1,0,0,0
0,1,0,1
0,1,0,1
0,1,0,1
0,1,0,1
0,1,0,1
1,0,1,1
0,0,0,0
1,0,0,0
0,1,0,1
0,0,0,0
0,0,0,0
0,0,0,0
0,0,0,0
0,1,0,1
0,0,0,0
0,1,0,1
0,0,0,0
0,0,0,0
0,1,0,1
0,1,0,1
1,0,0,0
0,1,0,1
0,0,0,0
0,1,0,1
0,0,0,0
0,1,0,1
0,1,0,1
0,1,0,1
0,0,0,0
0,0,0,0
0,0,0,0
1,0,0,0
1,1,0,1
0,0,0,0
0,1,0,1
0,0,0,0
0,1,0,1
0,1,0,1
0,0,0,0
0,0,0,0
0,1,0,1
0,0,0,0
1,1,0,1
0,1,0,1
0,1,0,1
0,1,0,1
0,0,0,0
0,0,0,0
1,0,0,0
0,0,0,0
0,1,0,1
1,0,0,0
0,0,0,0
1,0,0,0
0,0,0,0
0,0,0,0
0,0,0,0
0,0,0,0
0,1,0,1
0,1,0,1
0,0,0,0
0,0,0,0
0,1,0,1
0,0,0,0
0,1,0,1
0,1,0,1
0,1,0,1
0,1,0,1
0,0,0,0
1,0,0,0
0,0,0,0
0,1,0,1
0,0,0,0
0,0,0,0
1,0,0,0
0,0,0,0
0,0,0,0
0,1,0,1
0,1,0,1
0,0,0,0
0,0,0,0
0,0,0,0
0,1,0,1
0,0,0,0
1,0,0,0
0,1,0,1
0,1,0,1
0,1,0,1
0,1,0,1
0,0,0,0
0,0,0,0
0,1,0,1
0,0,0,0
0,1,0,1
0,0,0,0
1,0,1,1
0,0,0,0
1,0,0,0
0,0,0,0
0,1,0,1
0,1,0,1
0,1,0,1
0,0,0,0
1,0,0,0
1,1,0,1
0,0,0,0
0,0,0,0
0,0,0,0
0,0,0,0
1,0,0,0
0,1,0,1
0,1,0,1
0,0,0,0
0,1,0,1
0,1,0,1
1,0,0,0
0,0,0,0
0,0,0,0
1,0,0,0
1,0,0,0
0,1,0,1
0,1,0,1
0,1,0,1
0,0,0,0
0,1,0,1
0,1,0,1
0,1,0,1
0,0,0,0
1,0,0,0
0,0,0,0
0,0,0,0
0,1,0,1
1,0,0,0
0,0,0,0
1,0,0,0
0,0,0,0
0,1,0,1
0,0,0,0
0,0,0,0
1,0,1,1
0,1,0,1
1,0,1,1
0,0,0,0
0,1,0,1
0,0,0,0
1,0,0,0
1,0,0,0
0,0,0,0
0,1,0,1
0,1,0,1
1,0,0,0
0,0,0,0
0,1,0,1
0,0,0,0
0,0,0,0
0,1,0,1
0,1,0,1
0,1,0,1
0,1,0,1
0,1,0,1
0,0,0,0
0,0,0,0
1,0,0,0
1,1,1,1
0,0,0,0
0,0,0,0
0,1,0,1
0,0,0,0
0,1,0,1
0,0,0,0
0,0,0,0
1,0,0,0
0,0,0,0
0,0,0,0
0,1,0,1
1,0,1,1
0,1,0,1
1,1,0,1
1,0,0,0
0,1,0,1
0,0,0,0
0,0,0,0
0,0,0,0
1,0,0,0
0,0,0,0
0,1,0,1
1,1,0,1
0,0,0,0
0,0,0,0
0,0,0,0
0,1,0,1
0,1,0,1
0,0,0,0
0,0,0,0
0,1,0,1
0,0,0,0
0,0,0,0
0,1,0,1
0,0,0,0
0,1,0,1
1,0,0,0
1,1,0,1
0,0,0,0
0,0,0,0
0,0,0,0
0,1,0,1
0,0,0,0
0,0,0,0
0,0,0,0
0,0,0,0
0,1,0,1
0,1,0,1
0,1,0,1
0,0,0,0
0,1,0,1
1,0,0,0
0,0,0,0
0,0,0,0
0,0,0,0
1,0,1,1
1,1,0,1
0,1,0,1
0,0,0,0
1,0,1,1
0,0,0,0
0,1,0,1
1,0,1,1
0,0,0,0
0,0,0,0
0,0,0,0
0,0,0,0
0,1,0,1
0,0,0,0
0,1,0,1
0,1,0,1
0,0,0,0
0,0,0,0
1,0,0,0
0,1,0,1
0,0,0,0
0,0,0,0
1,0,0,0
0,0,0,0
0,0,0,0
0,0,0,0
0,1,0,1
1,0,0,0
1,0,0,0
0,1,0,1
0,1,0,1
0,0,0,0
0,0,0,0
0,1,0,1
0,1,0,1
0,0,0,0
0,0,0,0
1,1,0,1
1,0,1,1
0,1,0,1
1,0,0,0
0,1,0,1
0,0,0,0
0,1,0,1
0,0,0,0
0,0,0,0
0,1,0,1
0,1,0,1
0,1,0,1
0,1,0,1
0,0,0,0
1,0,1,1
0,1,0,1
0,0,0,0
0,0,0,0
1,0,0,0
1,0,0,0
1,0,0,0
1,0,0,0
0,0,0,0
1,0,0,0
0,1,0,1
1,0,0,0
0,0,0,0
0,1,0,1
0,1,0,1
1,0,0,0
0,0,0,0
0,1,0,1
1,1,0,1
1,0,0,0
0,0,0,0
0,1,0,1
0,1,0,1
0,0,0,0
0,0,0,0
0,0,0,0
0,0,0,0
1,0,0,0
0,0,0,0
1,1,0,1
1,1,1,1
0,1,0,1
0,0,0,0
0,1,0,1
0,1,0,1
0,0,0,0
0,1,0,1
1,0,0,0
0,0,0,0
0,0,0,0
1,1,1,1
0,0,0,0
0,1,0,1
0,0,0,0
1,0,0,0
1,0,0,0
1,1,0,1
0,1,0,1
0,0,0,0
0,1,0,1
0,1,0,1
0,1,0,1
0,0,0,0
1,1,0,1
0,1,0,1
0,1,0,1
1,0,1,1
0,0,0,0
0,1,0,1
0,0,0,0
0,0,0,0
0,1,0,1
0,1,0,1
0,1,0,1
0,0,0,0
0,0,0,0
0,0,0,0
0,0,0,0
0,1,0,1
0,1,0,1
0,0,0,0
0,0,0,0
0,0,0,0
0,1,0,1
0,1,0,1
0,1,0,1
0,0,0,0
0,1,0,1
0,1,0,1
1,1,0,1
0,1,0,1
0,1,0,1
0,1,0,1
1,0,0,0
0,1,0,1
1,0,0,0
0,0,0,0
0,1,0,1
0,1,0,1
0,1,0,1
0,1,0,1
0,1,0,1
0,0,0,0
0,0,0,0
0,1,0,1
0,0,0,0
0,1,0,1
0,1,0,1
0,0,0,0
1,0,0,0
1,1,1,1
0,1,0,1
0,1,0,1
0,0,0,0
0,0,0,0
0,1,0,1
0,0,0,0
0,0,0,0
0,1,0,1
0,1,0,1
1,1,0,1
1,1,0,1
0,1,0,1
0,0,0,0
1,0,0,0
0,1,0,1
0,0,0,0
0,0,0,0
1,0,0,0
0,0,0,0
0,1,0,1
0,0,0,0
0,1,0,1
0,1,0,1
0,1,0,1
1,1,0,1
1,0,1,1
0,1,0,1
1,0,1,1
1,1,0,1
0,1,0,1
0,0,0,0
0,0,0,0
0,0,0,0
0,0,0,0
1,0,1,1
0,1,0,1
0,1,0,1
0,0,0,0
0,1,0,1
0,1,0,1
0,1,0,1
0,1,0,1
0,1,0,1
1,0,0,0
1,0,1,1
0,0,0,0
0,0,0,0
0,1,0,1
0,0,0,0
0,1,0,1
0,1,0,1
0,1,0,1
1,0,0,0
0,1,0,1
0,1,0,1
0,1,0,1
0,1,0,1
1,0,0,0
0,1,0,1
1,0,0,0
1,0,0,0
1,0,1,1
0,0,0,0
1,0,0,0
1,0,0,0
1,0,0,0
0,1,0,1
0,1,0,1
0,1,0,1
0,0,0,0
1,0,0,0
0,0,0,0
0,0,0,0
0,0,0,0
0,0,0,0
1,1,0,1
0,0,0,0
0,1,0,1
1,0,0,0
1,1,0,1
0,1,0,1
0,0,0,0
0,1,0,1
1,1,0,1
0,0,0,0
0,1,0,1
0,0,0,0
1,0,0,0
1,1,0,1
1,0,0,0
0,0,0,0
0,1,0,1
0,1,0,1
0,0,0,0
0,1,0,1
0,0,0,0
0,0,0,0
0,0,0,0
0,0,0,0
0,0,0,0
0,1,0,1
1,0,1,1
0,0,0,0
0,0,0,0
0,1,0,1
0,0,0,0
0,1,0,1
0,0,0,0
0,1,0,1
0,1,0,1
0,1,0,1
0,0,0,0
0,0,0,0
1,0,0,0
0,0,0,0
0,1,0,1
0,0,0,0
0,0,0,0
1,0,0,0
0,0,0,0
0,1,0,1
0,0,0,0
